CustomerID,FirstName,LastName,CompanyName,EmailAddress,PurchaseOrderNumber,ProductID,OrderQty,Name,ProductNumber
29485,Catherine,Abel,Professional Sales and Service,catherine0@adventure-works.com,PO19372114749,714,3,"Long-Sleeve Logo Jersey, M",LJ-0192-M
29485,Catherine,Abel,Professional Sales and Service,catherine0@adventure-works.com,PO19372114749,956,3,"Touring-1000 Yellow, 54",BK-T79Y-54
29485,Catherine,Abel,Professional Sales and Service,catherine0@adventure-works.com,PO19372114749,954,1,"Touring-1000 Yellow, 46",BK-T79Y-46
29485,Catherine,Abel,Professional Sales and Service,catherine0@adventure-works.com,PO19372114749,712,10,AWC Logo Cap,CA-1098
29485,Catherine,Abel,Professional Sales and Service,catherine0@adventure-works.com,PO19372114749,877,10,Bike Wash - Dissolver,CL-9009
29485,Catherine,Abel,Professional Sales and Service,catherine0@adventure-works.com,PO19372114749,996,4,HL Bottom Bracket,BB-9108
29485,Catherine,Abel,Professional Sales and Service,catherine0@adventure-works.com,PO19372114749,864,6,"Classic Vest, S",VE-C304-S
29485,Catherine,Abel,Professional Sales and Service,catherine0@adventure-works.com,PO19372114749,876,3,Hitch Rack - 4-Bike,RA-H123
29485,Catherine,Abel,Professional Sales and Service,catherine0@adventure-works.com,PO19372114749,959,4,"Touring-3000 Blue, 58",BK-T18U-58
29485,Catherine,Abel,Professional Sales and Service,catherine0@adventure-works.com,PO19372114749,971,4,"Touring-2000 Blue, 50",BK-T44U-50
29485,Catherine,Abel,Professional Sales and Service,catherine0@adventure-works.com,PO19372114749,870,6,Water Bottle - 30 oz.,WB-H098
29485,Catherine,Abel,Professional Sales and Service,catherine0@adventure-works.com,PO19372114749,978,1,"Touring-3000 Blue, 44",BK-T18U-44
29485,Catherine,Abel,Professional Sales and Service,catherine0@adventure-works.com,PO19372114749,955,1,"Touring-1000 Yellow, 50",BK-T79Y-50
29485,Catherine,Abel,Professional Sales and Service,catherine0@adventure-works.com,PO19372114749,948,1,Front Brakes,FB-9873
29485,Catherine,Abel,Professional Sales and Service,catherine0@adventure-works.com,PO19372114749,994,1,LL Bottom Bracket,BB-7421
29485,Catherine,Abel,Professional Sales and Service,catherine0@adventure-works.com,PO19372114749,970,1,"Touring-2000 Blue, 46",BK-T44U-46
29485,Catherine,Abel,Professional Sales and Service,catherine0@adventure-works.com,PO19372114749,966,2,"Touring-1000 Blue, 46",BK-T79U-46
29485,Catherine,Abel,Professional Sales and Service,catherine0@adventure-works.com,PO19372114749,884,4,"Short-Sleeve Classic Jersey, XL",SJ-0194-X
29485,Catherine,Abel,Professional Sales and Service,catherine0@adventure-works.com,PO19372114749,885,2,"HL Touring Frame - Yellow, 60",FR-T98Y-60
29485,Catherine,Abel,Professional Sales and Service,catherine0@adventure-works.com,PO19372114749,715,8,"Long-Sleeve Logo Jersey, L",LJ-0192-L
29485,Catherine,Abel,Professional Sales and Service,catherine0@adventure-works.com,PO19372114749,894,3,Rear Derailleur,RD-2308
29485,Catherine,Abel,Professional Sales and Service,catherine0@adventure-works.com,PO19372114749,957,1,"Touring-1000 Yellow, 60",BK-T79Y-60
29485,Catherine,Abel,Professional Sales and Service,catherine0@adventure-works.com,PO19372114749,967,2,"Touring-1000 Blue, 50",BK-T79U-50
29485,Catherine,Abel,Professional Sales and Service,catherine0@adventure-works.com,PO19372114749,708,7,"Sport-100 Helmet, Black",HL-U509
29485,Catherine,Abel,Professional Sales and Service,catherine0@adventure-works.com,PO19372114749,961,3,"Touring-3000 Yellow, 44",BK-T18Y-44
29485,Catherine,Abel,Professional Sales and Service,catherine0@adventure-works.com,PO19372114749,979,2,"Touring-3000 Blue, 50",BK-T18U-50
29485,Catherine,Abel,Professional Sales and Service,catherine0@adventure-works.com,PO19372114749,958,2,"Touring-3000 Blue, 54",BK-T18U-54
29485,Catherine,Abel,Professional Sales and Service,catherine0@adventure-works.com,PO19372114749,963,1,"Touring-3000 Yellow, 54",BK-T18Y-54
29485,Catherine,Abel,Professional Sales and Service,catherine0@adventure-works.com,PO19372114749,953,1,"Touring-2000 Blue, 60",BK-T44U-60
29485,Catherine,Abel,Professional Sales and Service,catherine0@adventure-works.com,PO19372114749,968,2,"Touring-1000 Blue, 54",BK-T79U-54
29485,Catherine,Abel,Professional Sales and Service,catherine0@adventure-works.com,PO19372114749,951,2,HL Crankset,CS-9183
29485,Catherine,Abel,Professional Sales and Service,catherine0@adventure-works.com,PO19372114749,945,2,Front Derailleur,FD-2342
29485,Catherine,Abel,Professional Sales and Service,catherine0@adventure-works.com,PO19372114749,916,1,HL Touring Seat/Saddle,SE-T924
29485,Catherine,Abel,Professional Sales and Service,catherine0@adventure-works.com,PO19372114749,886,1,"LL Touring Frame - Yellow, 62",FR-T67Y-62
29485,Catherine,Abel,Professional Sales and Service,catherine0@adventure-works.com,PO19372114749,892,1,"HL Touring Frame - Blue, 54",FR-T98U-54
29485,Catherine,Abel,Professional Sales and Service,catherine0@adventure-works.com,PO19372114749,893,1,"HL Touring Frame - Blue, 60",FR-T98U-60
29485,Catherine,Abel,Professional Sales and Service,catherine0@adventure-works.com,PO19372114749,881,6,"Short-Sleeve Classic Jersey, S",SJ-0194-S
29485,Catherine,Abel,Professional Sales and Service,catherine0@adventure-works.com,PO19372114749,883,4,"Short-Sleeve Classic Jersey, L",SJ-0194-L
29485,Catherine,Abel,Professional Sales and Service,catherine0@adventure-works.com,PO19372114749,859,1,"Half-Finger Gloves, M",GL-H102-M
29485,Catherine,Abel,Professional Sales and Service,catherine0@adventure-works.com,PO19372114749,865,4,"Classic Vest, M",VE-C304-M
29485,Catherine,Abel,Professional Sales and Service,catherine0@adventure-works.com,PO19372114749,880,9,Hydration Pack - 70 oz.,HY-1023-70
29485,Catherine,Abel,Professional Sales and Service,catherine0@adventure-works.com,PO19372114749,711,6,"Sport-100 Helmet, Blue",HL-U509-B
29485,Catherine,Abel,Professional Sales and Service,catherine0@adventure-works.com,PO19372114749,707,3,"Sport-100 Helmet, Red",HL-U509-R
29531,Cory,Booth,Remarkable Bike Store,cory0@adventure-works.com,PO7946145876,874,3,"Racing Socks, M",SO-R809-M
29531,Cory,Booth,Remarkable Bike Store,cory0@adventure-works.com,PO7946145876,938,1,LL Road Pedal,PD-R347
29531,Cory,Booth,Remarkable Bike Store,cory0@adventure-works.com,PO7946145876,973,3,"Road-350-W Yellow, 40",BK-R79Y-40
29531,Cory,Booth,Remarkable Bike Store,cory0@adventure-works.com,PO7946145876,976,2,"Road-350-W Yellow, 48",BK-R79Y-48
29531,Cory,Booth,Remarkable Bike Store,cory0@adventure-works.com,PO7946145876,998,1,"Road-750 Black, 48",BK-R19B-48
29531,Cory,Booth,Remarkable Bike Store,cory0@adventure-works.com,PO7946145876,875,13,"Racing Socks, L",SO-R809-L
29546,Christopher,Beck,Bulk Discount Store,christopher1@adventure-works.com,PO8468183315,973,5,"Road-350-W Yellow, 40",BK-R79Y-40
29546,Christopher,Beck,Bulk Discount Store,christopher1@adventure-works.com,PO8468183315,876,3,Hitch Rack - 4-Bike,RA-H123
29546,Christopher,Beck,Bulk Discount Store,christopher1@adventure-works.com,PO8468183315,835,2,"ML Road Frame-W - Yellow, 44",FR-R72Y-44
29546,Christopher,Beck,Bulk Discount Store,christopher1@adventure-works.com,PO8468183315,974,3,"Road-350-W Yellow, 42",BK-R79Y-42
29546,Christopher,Beck,Bulk Discount Store,christopher1@adventure-works.com,PO8468183315,707,3,"Sport-100 Helmet, Red",HL-U509-R
29546,Christopher,Beck,Bulk Discount Store,christopher1@adventure-works.com,PO8468183315,813,1,HL Road Handlebars,HB-R956
29546,Christopher,Beck,Bulk Discount Store,christopher1@adventure-works.com,PO8468183315,938,5,LL Road Pedal,PD-R347
29546,Christopher,Beck,Bulk Discount Store,christopher1@adventure-works.com,PO8468183315,884,5,"Short-Sleeve Classic Jersey, XL",SJ-0194-X
29546,Christopher,Beck,Bulk Discount Store,christopher1@adventure-works.com,PO8468183315,711,3,"Sport-100 Helmet, Blue",HL-U509-B
29546,Christopher,Beck,Bulk Discount Store,christopher1@adventure-works.com,PO8468183315,712,1,AWC Logo Cap,CA-1098
29546,Christopher,Beck,Bulk Discount Store,christopher1@adventure-works.com,PO8468183315,940,5,HL Road Pedal,PD-R853
29546,Christopher,Beck,Bulk Discount Store,christopher1@adventure-works.com,PO8468183315,792,3,"Road-250 Red, 58",BK-R89R-58
29546,Christopher,Beck,Bulk Discount Store,christopher1@adventure-works.com,PO8468183315,976,5,"Road-350-W Yellow, 48",BK-R79Y-48
29546,Christopher,Beck,Bulk Discount Store,christopher1@adventure-works.com,PO8468183315,798,5,"Road-550-W Yellow, 40",BK-R64Y-40
29546,Christopher,Beck,Bulk Discount Store,christopher1@adventure-works.com,PO8468183315,799,4,"Road-550-W Yellow, 42",BK-R64Y-42
29546,Christopher,Beck,Bulk Discount Store,christopher1@adventure-works.com,PO8468183315,864,4,"Classic Vest, S",VE-C304-S
29546,Christopher,Beck,Bulk Discount Store,christopher1@adventure-works.com,PO8468183315,714,2,"Long-Sleeve Logo Jersey, M",LJ-0192-M
29546,Christopher,Beck,Bulk Discount Store,christopher1@adventure-works.com,PO8468183315,999,4,"Road-750 Black, 52",BK-R19B-52
29546,Christopher,Beck,Bulk Discount Store,christopher1@adventure-works.com,PO8468183315,998,5,"Road-750 Black, 48",BK-R19B-48
29546,Christopher,Beck,Bulk Discount Store,christopher1@adventure-works.com,PO8468183315,877,6,Bike Wash - Dissolver,CL-9009
29546,Christopher,Beck,Bulk Discount Store,christopher1@adventure-works.com,PO8468183315,796,3,"Road-250 Black, 58",BK-R89B-58
29546,Christopher,Beck,Bulk Discount Store,christopher1@adventure-works.com,PO8468183315,708,5,"Sport-100 Helmet, Black",HL-U509
29546,Christopher,Beck,Bulk Discount Store,christopher1@adventure-works.com,PO8468183315,865,5,"Classic Vest, M",VE-C304-M
29546,Christopher,Beck,Bulk Discount Store,christopher1@adventure-works.com,PO8468183315,738,3,"LL Road Frame - Black, 52",FR-R38B-52
29546,Christopher,Beck,Bulk Discount Store,christopher1@adventure-works.com,PO8468183315,883,3,"Short-Sleeve Classic Jersey, L",SJ-0194-L
29546,Christopher,Beck,Bulk Discount Store,christopher1@adventure-works.com,PO8468183315,997,3,"Road-750 Black, 44",BK-R19B-44
29546,Christopher,Beck,Bulk Discount Store,christopher1@adventure-works.com,PO8468183315,870,8,Water Bottle - 30 oz.,WB-H098
29546,Christopher,Beck,Bulk Discount Store,christopher1@adventure-works.com,PO8468183315,795,6,"Road-250 Black, 52",BK-R89B-52
29546,Christopher,Beck,Bulk Discount Store,christopher1@adventure-works.com,PO8468183315,874,4,"Racing Socks, M",SO-R809-M
29546,Christopher,Beck,Bulk Discount Store,christopher1@adventure-works.com,PO8468183315,859,2,"Half-Finger Gloves, M",GL-H102-M
29546,Christopher,Beck,Bulk Discount Store,christopher1@adventure-works.com,PO8468183315,975,5,"Road-350-W Yellow, 44",BK-R79Y-44
29546,Christopher,Beck,Bulk Discount Store,christopher1@adventure-works.com,PO8468183315,793,3,"Road-250 Black, 44",BK-R89B-44
29546,Christopher,Beck,Bulk Discount Store,christopher1@adventure-works.com,PO8468183315,797,5,"Road-550-W Yellow, 38",BK-R64Y-38
29546,Christopher,Beck,Bulk Discount Store,christopher1@adventure-works.com,PO8468183315,880,7,Hydration Pack - 70 oz.,HY-1023-70
29546,Christopher,Beck,Bulk Discount Store,christopher1@adventure-works.com,PO8468183315,977,4,"Road-750 Black, 58",BK-R19B-58
29546,Christopher,Beck,Bulk Discount Store,christopher1@adventure-works.com,PO8468183315,801,5,"Road-550-W Yellow, 48",BK-R64Y-48
29546,Christopher,Beck,Bulk Discount Store,christopher1@adventure-works.com,PO8468183315,794,7,"Road-250 Black, 48",BK-R89B-48
29546,Christopher,Beck,Bulk Discount Store,christopher1@adventure-works.com,PO8468183315,939,6,ML Road Pedal,PD-R563
29546,Christopher,Beck,Bulk Discount Store,christopher1@adventure-works.com,PO8468183315,715,3,"Long-Sleeve Logo Jersey, L",LJ-0192-L
29546,Christopher,Beck,Bulk Discount Store,christopher1@adventure-works.com,PO8468183315,881,1,"Short-Sleeve Classic Jersey, S",SJ-0194-S
29546,Christopher,Beck,Bulk Discount Store,christopher1@adventure-works.com,PO8468183315,875,2,"Racing Socks, L",SO-R809-L
29546,Christopher,Beck,Bulk Discount Store,christopher1@adventure-works.com,PO8468183315,800,3,"Road-550-W Yellow, 44",BK-R64Y-44
29568,Donald,Blanton,Coalition Bike Company,donald0@adventure-works.com,PO4582142611,881,2,"Short-Sleeve Classic Jersey, S",SJ-0194-S
29568,Donald,Blanton,Coalition Bike Company,donald0@adventure-works.com,PO4582142611,988,1,"Mountain-500 Silver, 52",BK-M18S-52
29568,Donald,Blanton,Coalition Bike Company,donald0@adventure-works.com,PO4582142611,981,1,"Mountain-400-W Silver, 40",BK-M38S-40
29568,Donald,Blanton,Coalition Bike Company,donald0@adventure-works.com,PO4582142611,743,1,"HL Mountain Frame - Black, 42",FR-M94B-42
29568,Donald,Blanton,Coalition Bike Company,donald0@adventure-works.com,PO4582142611,808,1,LL Mountain Handlebars,HB-M243
29568,Donald,Blanton,Coalition Bike Company,donald0@adventure-works.com,PO4582142611,714,2,"Long-Sleeve Logo Jersey, M",LJ-0192-M
29568,Donald,Blanton,Coalition Bike Company,donald0@adventure-works.com,PO4582142611,944,2,"LL Mountain Frame - Silver, 40",FR-M21S-40
29568,Donald,Blanton,Coalition Bike Company,donald0@adventure-works.com,PO4582142611,937,1,HL Mountain Pedal,PD-M562
29584,Walter,Brian,Futuristic Bikes,walter0@adventure-works.com,PO3770176273,909,2,ML Mountain Seat/Saddle,SE-M798
29584,Walter,Brian,Futuristic Bikes,walter0@adventure-works.com,PO3770176273,715,2,"Long-Sleeve Logo Jersey, L",LJ-0192-L
29584,Walter,Brian,Futuristic Bikes,walter0@adventure-works.com,PO3770176273,864,3,"Classic Vest, S",VE-C304-S
29612,Richard,Byham,Channel Outlet,richard2@adventure-works.com,PO6119130779,876,3,Hitch Rack - 4-Bike,RA-H123
29612,Richard,Byham,Channel Outlet,richard2@adventure-works.com,PO6119130779,884,6,"Short-Sleeve Classic Jersey, XL",SJ-0194-X
29612,Richard,Byham,Channel Outlet,richard2@adventure-works.com,PO6119130779,864,3,"Classic Vest, S",VE-C304-S
29638,Rosmarie,Carroll,Aerobic Exercise Company,rosmarie0@adventure-works.com,PO2349143275,836,3,"ML Road Frame-W - Yellow, 48",FR-R72Y-48
29638,Rosmarie,Carroll,Aerobic Exercise Company,rosmarie0@adventure-works.com,PO2349143275,738,2,"LL Road Frame - Black, 52",FR-R38B-52
29638,Rosmarie,Carroll,Aerobic Exercise Company,rosmarie0@adventure-works.com,PO2349143275,938,4,LL Road Pedal,PD-R347
29638,Rosmarie,Carroll,Aerobic Exercise Company,rosmarie0@adventure-works.com,PO2349143275,939,3,ML Road Pedal,PD-R563
29638,Rosmarie,Carroll,Aerobic Exercise Company,rosmarie0@adventure-works.com,PO2349143275,940,1,HL Road Pedal,PD-R853
29644,Brigid,Cavendish,Vigorous Sports Store,brigid0@adventure-works.com,PO13050111529,717,1,"HL Road Frame - Red, 62",FR-R92R-62
29653,Pei,Chow,Thrilling Bike Tours,pei0@adventure-works.com,PO16153112278,979,3,"Touring-3000 Blue, 50",BK-T18U-50
29653,Pei,Chow,Thrilling Bike Tours,pei0@adventure-works.com,PO16153112278,962,1,"Touring-3000 Yellow, 50",BK-T18Y-50
29653,Pei,Chow,Thrilling Bike Tours,pei0@adventure-works.com,PO16153112278,953,1,"Touring-2000 Blue, 60",BK-T44U-60
29653,Pei,Chow,Thrilling Bike Tours,pei0@adventure-works.com,PO16153112278,715,2,"Long-Sleeve Logo Jersey, L",LJ-0192-L
29653,Pei,Chow,Thrilling Bike Tours,pei0@adventure-works.com,PO16153112278,883,2,"Short-Sleeve Classic Jersey, L",SJ-0194-L
29653,Pei,Chow,Thrilling Bike Tours,pei0@adventure-works.com,PO16153112278,957,1,"Touring-1000 Yellow, 60",BK-T79Y-60
29653,Pei,Chow,Thrilling Bike Tours,pei0@adventure-works.com,PO16153112278,965,2,"Touring-3000 Yellow, 62",BK-T18Y-62
29653,Pei,Chow,Thrilling Bike Tours,pei0@adventure-works.com,PO16153112278,952,1,Chain,CH-0234
29653,Pei,Chow,Thrilling Bike Tours,pei0@adventure-works.com,PO16153112278,948,2,Front Brakes,FB-9873
29653,Pei,Chow,Thrilling Bike Tours,pei0@adventure-works.com,PO16153112278,945,1,Front Derailleur,FD-2342
29653,Pei,Chow,Thrilling Bike Tours,pei0@adventure-works.com,PO16153112278,972,1,"Touring-2000 Blue, 54",BK-T44U-54
29653,Pei,Chow,Thrilling Bike Tours,pei0@adventure-works.com,PO16153112278,877,1,Bike Wash - Dissolver,CL-9009
29653,Pei,Chow,Thrilling Bike Tours,pei0@adventure-works.com,PO16153112278,958,1,"Touring-3000 Blue, 54",BK-T18U-54
29653,Pei,Chow,Thrilling Bike Tours,pei0@adventure-works.com,PO16153112278,969,1,"Touring-1000 Blue, 60",BK-T79U-60
29653,Pei,Chow,Thrilling Bike Tours,pei0@adventure-works.com,PO16153112278,961,2,"Touring-3000 Yellow, 44",BK-T18Y-44
29653,Pei,Chow,Thrilling Bike Tours,pei0@adventure-works.com,PO16153112278,966,2,"Touring-1000 Blue, 46",BK-T79U-46
29653,Pei,Chow,Thrilling Bike Tours,pei0@adventure-works.com,PO16153112278,712,3,AWC Logo Cap,CA-1098
29660,Anthony,Chor,Extreme Riding Supplies,anthony0@adventure-works.com,PO17052159664,891,1,"HL Touring Frame - Blue, 50",FR-T98U-50
29660,Anthony,Chor,Extreme Riding Supplies,anthony0@adventure-works.com,PO17052159664,972,8,"Touring-2000 Blue, 54",BK-T44U-54
29660,Anthony,Chor,Extreme Riding Supplies,anthony0@adventure-works.com,PO17052159664,953,2,"Touring-2000 Blue, 60",BK-T44U-60
29660,Anthony,Chor,Extreme Riding Supplies,anthony0@adventure-works.com,PO17052159664,916,1,HL Touring Seat/Saddle,SE-T924
29660,Anthony,Chor,Extreme Riding Supplies,anthony0@adventure-works.com,PO17052159664,958,5,"Touring-3000 Blue, 54",BK-T18U-54
29660,Anthony,Chor,Extreme Riding Supplies,anthony0@adventure-works.com,PO17052159664,957,3,"Touring-1000 Yellow, 60",BK-T79Y-60
29660,Anthony,Chor,Extreme Riding Supplies,anthony0@adventure-works.com,PO17052159664,969,9,"Touring-1000 Blue, 60",BK-T79U-60
29660,Anthony,Chor,Extreme Riding Supplies,anthony0@adventure-works.com,PO17052159664,967,2,"Touring-1000 Blue, 50",BK-T79U-50
29660,Anthony,Chor,Extreme Riding Supplies,anthony0@adventure-works.com,PO17052159664,979,3,"Touring-3000 Blue, 50",BK-T18U-50
29660,Anthony,Chor,Extreme Riding Supplies,anthony0@adventure-works.com,PO17052159664,961,7,"Touring-3000 Yellow, 44",BK-T18Y-44
29660,Anthony,Chor,Extreme Riding Supplies,anthony0@adventure-works.com,PO17052159664,965,2,"Touring-3000 Yellow, 62",BK-T18Y-62
29660,Anthony,Chor,Extreme Riding Supplies,anthony0@adventure-works.com,PO17052159664,970,1,"Touring-2000 Blue, 46",BK-T44U-46
29660,Anthony,Chor,Extreme Riding Supplies,anthony0@adventure-works.com,PO17052159664,954,3,"Touring-1000 Yellow, 46",BK-T79Y-46
29660,Anthony,Chor,Extreme Riding Supplies,anthony0@adventure-works.com,PO17052159664,955,1,"Touring-1000 Yellow, 50",BK-T79Y-50
29660,Anthony,Chor,Extreme Riding Supplies,anthony0@adventure-works.com,PO17052159664,947,1,HL Touring Handlebars,HB-T928
29660,Anthony,Chor,Extreme Riding Supplies,anthony0@adventure-works.com,PO17052159664,899,1,"LL Touring Frame - Yellow, 44",FR-T67Y-44
29660,Anthony,Chor,Extreme Riding Supplies,anthony0@adventure-works.com,PO17052159664,900,1,"LL Touring Frame - Yellow, 50",FR-T67Y-50
29660,Anthony,Chor,Extreme Riding Supplies,anthony0@adventure-works.com,PO17052159664,892,6,"HL Touring Frame - Blue, 54",FR-T98U-54
29660,Anthony,Chor,Extreme Riding Supplies,anthony0@adventure-works.com,PO17052159664,893,1,"HL Touring Frame - Blue, 60",FR-T98U-60
29660,Anthony,Chor,Extreme Riding Supplies,anthony0@adventure-works.com,PO17052159664,885,2,"HL Touring Frame - Yellow, 60",FR-T98Y-60
29736,Terry,Eminhizer,Action Bicycle Specialists,terry1@adventure-works.com,PO19285135919,711,2,"Sport-100 Helmet, Blue",HL-U509-B
29736,Terry,Eminhizer,Action Bicycle Specialists,terry1@adventure-works.com,PO19285135919,885,8,"HL Touring Frame - Yellow, 60",FR-T98Y-60
29736,Terry,Eminhizer,Action Bicycle Specialists,terry1@adventure-works.com,PO19285135919,954,2,"Touring-1000 Yellow, 46",BK-T79Y-46
29736,Terry,Eminhizer,Action Bicycle Specialists,terry1@adventure-works.com,PO19285135919,870,11,Water Bottle - 30 oz.,WB-H098
29736,Terry,Eminhizer,Action Bicycle Specialists,terry1@adventure-works.com,PO19285135919,865,8,"Classic Vest, M",VE-C304-M
29736,Terry,Eminhizer,Action Bicycle Specialists,terry1@adventure-works.com,PO19285135919,970,4,"Touring-2000 Blue, 46",BK-T44U-46
29736,Terry,Eminhizer,Action Bicycle Specialists,terry1@adventure-works.com,PO19285135919,959,1,"Touring-3000 Blue, 58",BK-T18U-58
29736,Terry,Eminhizer,Action Bicycle Specialists,terry1@adventure-works.com,PO19285135919,714,9,"Long-Sleeve Logo Jersey, M",LJ-0192-M
29736,Terry,Eminhizer,Action Bicycle Specialists,terry1@adventure-works.com,PO19285135919,712,10,AWC Logo Cap,CA-1098
29736,Terry,Eminhizer,Action Bicycle Specialists,terry1@adventure-works.com,PO19285135919,972,4,"Touring-2000 Blue, 54",BK-T44U-54
29736,Terry,Eminhizer,Action Bicycle Specialists,terry1@adventure-works.com,PO19285135919,877,8,Bike Wash - Dissolver,CL-9009
29736,Terry,Eminhizer,Action Bicycle Specialists,terry1@adventure-works.com,PO19285135919,716,5,"Long-Sleeve Logo Jersey, XL",LJ-0192-X
29736,Terry,Eminhizer,Action Bicycle Specialists,terry1@adventure-works.com,PO19285135919,965,11,"Touring-3000 Yellow, 62",BK-T18Y-62
29736,Terry,Eminhizer,Action Bicycle Specialists,terry1@adventure-works.com,PO19285135919,958,6,"Touring-3000 Blue, 54",BK-T18U-54
29736,Terry,Eminhizer,Action Bicycle Specialists,terry1@adventure-works.com,PO19285135919,876,6,Hitch Rack - 4-Bike,RA-H123
29736,Terry,Eminhizer,Action Bicycle Specialists,terry1@adventure-works.com,PO19285135919,899,2,"LL Touring Frame - Yellow, 44",FR-T67Y-44
29736,Terry,Eminhizer,Action Bicycle Specialists,terry1@adventure-works.com,PO19285135919,858,6,"Half-Finger Gloves, S",GL-H102-S
29736,Terry,Eminhizer,Action Bicycle Specialists,terry1@adventure-works.com,PO19285135919,889,4,"HL Touring Frame - Yellow, 54",FR-T98Y-54
29736,Terry,Eminhizer,Action Bicycle Specialists,terry1@adventure-works.com,PO19285135919,962,7,"Touring-3000 Yellow, 50",BK-T18Y-50
29736,Terry,Eminhizer,Action Bicycle Specialists,terry1@adventure-works.com,PO19285135919,895,2,"LL Touring Frame - Blue, 50",FR-T67U-50
29736,Terry,Eminhizer,Action Bicycle Specialists,terry1@adventure-works.com,PO19285135919,957,12,"Touring-1000 Yellow, 60",BK-T79Y-60
29736,Terry,Eminhizer,Action Bicycle Specialists,terry1@adventure-works.com,PO19285135919,979,8,"Touring-3000 Blue, 50",BK-T18U-50
29736,Terry,Eminhizer,Action Bicycle Specialists,terry1@adventure-works.com,PO19285135919,961,3,"Touring-3000 Yellow, 44",BK-T18Y-44
29736,Terry,Eminhizer,Action Bicycle Specialists,terry1@adventure-works.com,PO19285135919,963,5,"Touring-3000 Yellow, 54",BK-T18Y-54
29736,Terry,Eminhizer,Action Bicycle Specialists,terry1@adventure-works.com,PO19285135919,953,3,"Touring-2000 Blue, 60",BK-T44U-60
29736,Terry,Eminhizer,Action Bicycle Specialists,terry1@adventure-works.com,PO19285135919,966,4,"Touring-1000 Blue, 46",BK-T79U-46
29736,Terry,Eminhizer,Action Bicycle Specialists,terry1@adventure-works.com,PO19285135919,967,6,"Touring-1000 Blue, 50",BK-T79U-50
29736,Terry,Eminhizer,Action Bicycle Specialists,terry1@adventure-works.com,PO19285135919,969,10,"Touring-1000 Blue, 60",BK-T79U-60
29736,Terry,Eminhizer,Action Bicycle Specialists,terry1@adventure-works.com,PO19285135919,955,2,"Touring-1000 Yellow, 50",BK-T79Y-50
29736,Terry,Eminhizer,Action Bicycle Specialists,terry1@adventure-works.com,PO19285135919,916,2,HL Touring Seat/Saddle,SE-T924
29736,Terry,Eminhizer,Action Bicycle Specialists,terry1@adventure-works.com,PO19285135919,896,3,"LL Touring Frame - Blue, 54",FR-T67U-54
29736,Terry,Eminhizer,Action Bicycle Specialists,terry1@adventure-works.com,PO19285135919,900,1,"LL Touring Frame - Yellow, 50",FR-T67Y-50
29736,Terry,Eminhizer,Action Bicycle Specialists,terry1@adventure-works.com,PO19285135919,893,1,"HL Touring Frame - Blue, 60",FR-T98U-60
29736,Terry,Eminhizer,Action Bicycle Specialists,terry1@adventure-works.com,PO19285135919,715,8,"Long-Sleeve Logo Jersey, L",LJ-0192-L
29736,Terry,Eminhizer,Action Bicycle Specialists,terry1@adventure-works.com,PO19285135919,881,6,"Short-Sleeve Classic Jersey, S",SJ-0194-S
29736,Terry,Eminhizer,Action Bicycle Specialists,terry1@adventure-works.com,PO19285135919,883,7,"Short-Sleeve Classic Jersey, L",SJ-0194-L
29736,Terry,Eminhizer,Action Bicycle Specialists,terry1@adventure-works.com,PO19285135919,884,3,"Short-Sleeve Classic Jersey, XL",SJ-0194-X
29736,Terry,Eminhizer,Action Bicycle Specialists,terry1@adventure-works.com,PO19285135919,859,5,"Half-Finger Gloves, M",GL-H102-M
29736,Terry,Eminhizer,Action Bicycle Specialists,terry1@adventure-works.com,PO19285135919,864,23,"Classic Vest, S",VE-C304-S
29736,Terry,Eminhizer,Action Bicycle Specialists,terry1@adventure-works.com,PO19285135919,880,9,Hydration Pack - 70 oz.,HY-1023-70
29736,Terry,Eminhizer,Action Bicycle Specialists,terry1@adventure-works.com,PO19285135919,873,8,Patch Kit/8 Patches,PK-7098
29736,Terry,Eminhizer,Action Bicycle Specialists,terry1@adventure-works.com,PO19285135919,707,10,"Sport-100 Helmet, Red",HL-U509-R
29736,Terry,Eminhizer,Action Bicycle Specialists,terry1@adventure-works.com,PO19285135919,708,12,"Sport-100 Helmet, Black",HL-U509
29741,Janeth,Esteves,Central Bicycle Specialists,janeth1@adventure-works.com,PO8961158629,916,1,HL Touring Seat/Saddle,SE-T924
29781,Guy,Gilbert,The Bicycle Accessories Company,guy0@adventure-works.com,PO174173096,870,1,Water Bottle - 30 oz.,WB-H098
29781,Guy,Gilbert,The Bicycle Accessories Company,guy0@adventure-works.com,PO174173096,874,4,"Racing Socks, M",SO-R809-M
29781,Guy,Gilbert,The Bicycle Accessories Company,guy0@adventure-works.com,PO174173096,875,14,"Racing Socks, L",SO-R809-L
29796,Jon,Grande,Riding Cycles,jon1@adventure-works.com,PO16501134889,711,4,"Sport-100 Helmet, Blue",HL-U509-B
29796,Jon,Grande,Riding Cycles,jon1@adventure-works.com,PO16501134889,838,2,"HL Road Frame - Black, 44",FR-R92B-44
29796,Jon,Grande,Riding Cycles,jon1@adventure-works.com,PO16501134889,714,1,"Long-Sleeve Logo Jersey, M",LJ-0192-M
29796,Jon,Grande,Riding Cycles,jon1@adventure-works.com,PO16501134889,940,4,HL Road Pedal,PD-R853
29796,Jon,Grande,Riding Cycles,jon1@adventure-works.com,PO16501134889,883,16,"Short-Sleeve Classic Jersey, L",SJ-0194-L
29796,Jon,Grande,Riding Cycles,jon1@adventure-works.com,PO16501134889,913,2,HL Road Seat/Saddle,SE-R995
29796,Jon,Grande,Riding Cycles,jon1@adventure-works.com,PO16501134889,738,1,"LL Road Frame - Black, 52",FR-R38B-52
29796,Jon,Grande,Riding Cycles,jon1@adventure-works.com,PO16501134889,722,3,"LL Road Frame - Black, 58",FR-R38B-58
29796,Jon,Grande,Riding Cycles,jon1@adventure-works.com,PO16501134889,835,5,"ML Road Frame-W - Yellow, 44",FR-R72Y-44
29796,Jon,Grande,Riding Cycles,jon1@adventure-works.com,PO16501134889,718,1,"HL Road Frame - Red, 44",FR-R92R-44
29796,Jon,Grande,Riding Cycles,jon1@adventure-works.com,PO16501134889,715,4,"Long-Sleeve Logo Jersey, L",LJ-0192-L
29796,Jon,Grande,Riding Cycles,jon1@adventure-works.com,PO16501134889,716,5,"Long-Sleeve Logo Jersey, XL",LJ-0192-X
29796,Jon,Grande,Riding Cycles,jon1@adventure-works.com,PO16501134889,884,15,"Short-Sleeve Classic Jersey, XL",SJ-0194-X
29796,Jon,Grande,Riding Cycles,jon1@adventure-works.com,PO16501134889,875,3,"Racing Socks, L",SO-R809-L
29796,Jon,Grande,Riding Cycles,jon1@adventure-works.com,PO16501134889,860,4,"Half-Finger Gloves, L",GL-H102-L
29796,Jon,Grande,Riding Cycles,jon1@adventure-works.com,PO16501134889,712,6,AWC Logo Cap,CA-1098
29796,Jon,Grande,Riding Cycles,jon1@adventure-works.com,PO16501134889,880,10,Hydration Pack - 70 oz.,HY-1023-70
29796,Jon,Grande,Riding Cycles,jon1@adventure-works.com,PO16501134889,873,6,Patch Kit/8 Patches,PK-7098
29796,Jon,Grande,Riding Cycles,jon1@adventure-works.com,PO16501134889,876,10,Hitch Rack - 4-Bike,RA-H123
29796,Jon,Grande,Riding Cycles,jon1@adventure-works.com,PO16501134889,977,7,"Road-750 Black, 58",BK-R19B-58
29796,Jon,Grande,Riding Cycles,jon1@adventure-works.com,PO16501134889,798,2,"Road-550-W Yellow, 40",BK-R64Y-40
29796,Jon,Grande,Riding Cycles,jon1@adventure-works.com,PO16501134889,813,2,HL Road Handlebars,HB-R956
29796,Jon,Grande,Riding Cycles,jon1@adventure-works.com,PO16501134889,939,4,ML Road Pedal,PD-R563
29796,Jon,Grande,Riding Cycles,jon1@adventure-works.com,PO16501134889,801,2,"Road-550-W Yellow, 48",BK-R64Y-48
29796,Jon,Grande,Riding Cycles,jon1@adventure-works.com,PO16501134889,998,6,"Road-750 Black, 48",BK-R19B-48
29796,Jon,Grande,Riding Cycles,jon1@adventure-works.com,PO16501134889,999,4,"Road-750 Black, 52",BK-R19B-52
29796,Jon,Grande,Riding Cycles,jon1@adventure-works.com,PO16501134889,938,3,LL Road Pedal,PD-R347
29796,Jon,Grande,Riding Cycles,jon1@adventure-works.com,PO16501134889,794,5,"Road-250 Black, 48",BK-R89B-48
29796,Jon,Grande,Riding Cycles,jon1@adventure-works.com,PO16501134889,795,2,"Road-250 Black, 52",BK-R89B-52
29796,Jon,Grande,Riding Cycles,jon1@adventure-works.com,PO16501134889,797,10,"Road-550-W Yellow, 38",BK-R64Y-38
29796,Jon,Grande,Riding Cycles,jon1@adventure-works.com,PO16501134889,881,8,"Short-Sleeve Classic Jersey, S",SJ-0194-S
29796,Jon,Grande,Riding Cycles,jon1@adventure-works.com,PO16501134889,865,1,"Classic Vest, M",VE-C304-M
29796,Jon,Grande,Riding Cycles,jon1@adventure-works.com,PO16501134889,864,23,"Classic Vest, S",VE-C304-S
29796,Jon,Grande,Riding Cycles,jon1@adventure-works.com,PO16501134889,976,9,"Road-350-W Yellow, 48",BK-R79Y-48
29796,Jon,Grande,Riding Cycles,jon1@adventure-works.com,PO16501134889,877,17,Bike Wash - Dissolver,CL-9009
29796,Jon,Grande,Riding Cycles,jon1@adventure-works.com,PO16501134889,793,6,"Road-250 Black, 44",BK-R89B-44
29796,Jon,Grande,Riding Cycles,jon1@adventure-works.com,PO16501134889,974,3,"Road-350-W Yellow, 42",BK-R79Y-42
29796,Jon,Grande,Riding Cycles,jon1@adventure-works.com,PO16501134889,707,6,"Sport-100 Helmet, Red",HL-U509-R
29796,Jon,Grande,Riding Cycles,jon1@adventure-works.com,PO16501134889,859,9,"Half-Finger Gloves, M",GL-H102-M
29796,Jon,Grande,Riding Cycles,jon1@adventure-works.com,PO16501134889,973,5,"Road-350-W Yellow, 40",BK-R79Y-40
29796,Jon,Grande,Riding Cycles,jon1@adventure-works.com,PO16501134889,870,11,Water Bottle - 30 oz.,WB-H098
29796,Jon,Grande,Riding Cycles,jon1@adventure-works.com,PO16501134889,717,2,"HL Road Frame - Red, 62",FR-R92R-62
29796,Jon,Grande,Riding Cycles,jon1@adventure-works.com,PO16501134889,858,4,"Half-Finger Gloves, S",GL-H102-S
29796,Jon,Grande,Riding Cycles,jon1@adventure-works.com,PO16501134889,836,4,"ML Road Frame-W - Yellow, 48",FR-R72Y-48
29796,Jon,Grande,Riding Cycles,jon1@adventure-works.com,PO16501134889,708,12,"Sport-100 Helmet, Black",HL-U509
29796,Jon,Grande,Riding Cycles,jon1@adventure-works.com,PO16501134889,822,2,"ML Road Frame-W - Yellow, 38",FR-R72Y-38
29847,David,Hodgson,Good Toys,david16@adventure-works.com,PO348186287,836,1,"ML Road Frame-W - Yellow, 48",FR-R72Y-48
29847,David,Hodgson,Good Toys,david16@adventure-works.com,PO348186287,822,1,"ML Road Frame-W - Yellow, 38",FR-R72Y-38
29877,Joyce,Jarvis,Paints and Solvents Company,joyce0@adventure-works.com,PO4785152479,966,1,"Touring-1000 Blue, 46",BK-T79U-46
29877,Joyce,Jarvis,Paints and Solvents Company,joyce0@adventure-works.com,PO4785152479,979,4,"Touring-3000 Blue, 50",BK-T18U-50
29877,Joyce,Jarvis,Paints and Solvents Company,joyce0@adventure-works.com,PO4785152479,969,3,"Touring-1000 Blue, 60",BK-T79U-60
29877,Joyce,Jarvis,Paints and Solvents Company,joyce0@adventure-works.com,PO4785152479,884,3,"Short-Sleeve Classic Jersey, XL",SJ-0194-X
29877,Joyce,Jarvis,Paints and Solvents Company,joyce0@adventure-works.com,PO4785152479,712,4,AWC Logo Cap,CA-1098
29877,Joyce,Jarvis,Paints and Solvents Company,joyce0@adventure-works.com,PO4785152479,954,2,"Touring-1000 Yellow, 46",BK-T79Y-46
29877,Joyce,Jarvis,Paints and Solvents Company,joyce0@adventure-works.com,PO4785152479,864,1,"Classic Vest, S",VE-C304-S
29877,Joyce,Jarvis,Paints and Solvents Company,joyce0@adventure-works.com,PO4785152479,948,1,Front Brakes,FB-9873
29922,Pamala,Kotc,Closest Bicycle Store,pamala0@adventure-works.com,PO10353140756,918,4,"LL Mountain Frame - Silver, 44",FR-M21S-44
29922,Pamala,Kotc,Closest Bicycle Store,pamala0@adventure-works.com,PO10353140756,983,3,"Mountain-400-W Silver, 46",BK-M38S-46
29922,Pamala,Kotc,Closest Bicycle Store,pamala0@adventure-works.com,PO10353140756,781,2,"Mountain-200 Silver, 46",BK-M68S-46
29922,Pamala,Kotc,Closest Bicycle Store,pamala0@adventure-works.com,PO10353140756,868,1,"Women's Mountain Shorts, M",SH-W890-M
29922,Pamala,Kotc,Closest Bicycle Store,pamala0@adventure-works.com,PO10353140756,810,1,HL Mountain Handlebars,HB-M918
29922,Pamala,Kotc,Closest Bicycle Store,pamala0@adventure-works.com,PO10353140756,980,1,"Mountain-400-W Silver, 38",BK-M38S-38
29922,Pamala,Kotc,Closest Bicycle Store,pamala0@adventure-works.com,PO10353140756,925,2,"LL Mountain Frame - Black, 44",FR-M21B-44
29922,Pamala,Kotc,Closest Bicycle Store,pamala0@adventure-works.com,PO10353140756,985,2,"Mountain-500 Silver, 42",BK-M18S-42
29922,Pamala,Kotc,Closest Bicycle Store,pamala0@adventure-works.com,PO10353140756,908,1,LL Mountain Seat/Saddle,SE-M236
29922,Pamala,Kotc,Closest Bicycle Store,pamala0@adventure-works.com,PO10353140756,867,13,"Women's Mountain Shorts, S",SH-W890-S
29922,Pamala,Kotc,Closest Bicycle Store,pamala0@adventure-works.com,PO10353140756,782,3,"Mountain-200 Black, 38",BK-M68B-38
29922,Pamala,Kotc,Closest Bicycle Store,pamala0@adventure-works.com,PO10353140756,937,1,HL Mountain Pedal,PD-M562
29922,Pamala,Kotc,Closest Bicycle Store,pamala0@adventure-works.com,PO10353140756,936,1,ML Mountain Pedal,PD-M340
29922,Pamala,Kotc,Closest Bicycle Store,pamala0@adventure-works.com,PO10353140756,743,4,"HL Mountain Frame - Black, 42",FR-M94B-42
29922,Pamala,Kotc,Closest Bicycle Store,pamala0@adventure-works.com,PO10353140756,904,5,"ML Mountain Frame-W - Silver, 40",FR-M63S-40
29922,Pamala,Kotc,Closest Bicycle Store,pamala0@adventure-works.com,PO10353140756,748,1,"HL Mountain Frame - Silver, 38",FR-M94S-38
29922,Pamala,Kotc,Closest Bicycle Store,pamala0@adventure-works.com,PO10353140756,910,1,HL Mountain Seat/Saddle,SE-M940
29922,Pamala,Kotc,Closest Bicycle Store,pamala0@adventure-works.com,PO10353140756,784,5,"Mountain-200 Black, 46",BK-M68B-46
29922,Pamala,Kotc,Closest Bicycle Store,pamala0@adventure-works.com,PO10353140756,990,2,"Mountain-500 Black, 42",BK-M18B-42
29922,Pamala,Kotc,Closest Bicycle Store,pamala0@adventure-works.com,PO10353140756,992,3,"Mountain-500 Black, 48",BK-M18B-48
29922,Pamala,Kotc,Closest Bicycle Store,pamala0@adventure-works.com,PO10353140756,984,3,"Mountain-500 Silver, 40",BK-M18S-40
29922,Pamala,Kotc,Closest Bicycle Store,pamala0@adventure-works.com,PO10353140756,779,1,"Mountain-200 Silver, 38",BK-M68S-38
29922,Pamala,Kotc,Closest Bicycle Store,pamala0@adventure-works.com,PO10353140756,780,1,"Mountain-200 Silver, 42",BK-M68S-42
29922,Pamala,Kotc,Closest Bicycle Store,pamala0@adventure-works.com,PO10353140756,944,2,"LL Mountain Frame - Silver, 40",FR-M21S-40
29922,Pamala,Kotc,Closest Bicycle Store,pamala0@adventure-works.com,PO10353140756,808,1,LL Mountain Handlebars,HB-M243
29922,Pamala,Kotc,Closest Bicycle Store,pamala0@adventure-works.com,PO10353140756,809,1,ML Mountain Handlebars,HB-M763
29922,Pamala,Kotc,Closest Bicycle Store,pamala0@adventure-works.com,PO10353140756,935,3,LL Mountain Pedal,PD-M282
29922,Pamala,Kotc,Closest Bicycle Store,pamala0@adventure-works.com,PO10353140756,926,1,"LL Mountain Frame - Black, 48",FR-M21B-48
29922,Pamala,Kotc,Closest Bicycle Store,pamala0@adventure-works.com,PO10353140756,917,6,"LL Mountain Frame - Silver, 42",FR-M21S-42
29922,Pamala,Kotc,Closest Bicycle Store,pamala0@adventure-works.com,PO10353140756,920,1,"LL Mountain Frame - Silver, 52",FR-M21S-52
29929,Jeffrey,Kurtz,Many Bikes Store,jeffrey3@adventure-works.com,PO5539125166,780,5,"Mountain-200 Silver, 42",BK-M68S-42
29929,Jeffrey,Kurtz,Many Bikes Store,jeffrey3@adventure-works.com,PO5539125166,981,2,"Mountain-400-W Silver, 40",BK-M38S-40
29929,Jeffrey,Kurtz,Many Bikes Store,jeffrey3@adventure-works.com,PO5539125166,904,1,"ML Mountain Frame-W - Silver, 40",FR-M63S-40
29929,Jeffrey,Kurtz,Many Bikes Store,jeffrey3@adventure-works.com,PO5539125166,987,1,"Mountain-500 Silver, 48",BK-M18S-48
29929,Jeffrey,Kurtz,Many Bikes Store,jeffrey3@adventure-works.com,PO5539125166,783,7,"Mountain-200 Black, 42",BK-M68B-42
29929,Jeffrey,Kurtz,Many Bikes Store,jeffrey3@adventure-works.com,PO5539125166,781,5,"Mountain-200 Silver, 46",BK-M68S-46
29929,Jeffrey,Kurtz,Many Bikes Store,jeffrey3@adventure-works.com,PO5539125166,859,2,"Half-Finger Gloves, M",GL-H102-M
29929,Jeffrey,Kurtz,Many Bikes Store,jeffrey3@adventure-works.com,PO5539125166,869,7,"Women's Mountain Shorts, L",SH-W890-L
29929,Jeffrey,Kurtz,Many Bikes Store,jeffrey3@adventure-works.com,PO5539125166,908,2,LL Mountain Seat/Saddle,SE-M236
29929,Jeffrey,Kurtz,Many Bikes Store,jeffrey3@adventure-works.com,PO5539125166,712,3,AWC Logo Cap,CA-1098
29929,Jeffrey,Kurtz,Many Bikes Store,jeffrey3@adventure-works.com,PO5539125166,925,1,"LL Mountain Frame - Black, 44",FR-M21B-44
29929,Jeffrey,Kurtz,Many Bikes Store,jeffrey3@adventure-works.com,PO5539125166,937,2,HL Mountain Pedal,PD-M562
29929,Jeffrey,Kurtz,Many Bikes Store,jeffrey3@adventure-works.com,PO5539125166,992,3,"Mountain-500 Black, 48",BK-M18B-48
29929,Jeffrey,Kurtz,Many Bikes Store,jeffrey3@adventure-works.com,PO5539125166,980,3,"Mountain-400-W Silver, 38",BK-M38S-38
29929,Jeffrey,Kurtz,Many Bikes Store,jeffrey3@adventure-works.com,PO5539125166,715,3,"Long-Sleeve Logo Jersey, L",LJ-0192-L
29929,Jeffrey,Kurtz,Many Bikes Store,jeffrey3@adventure-works.com,PO5539125166,935,4,LL Mountain Pedal,PD-M282
29929,Jeffrey,Kurtz,Many Bikes Store,jeffrey3@adventure-works.com,PO5539125166,989,1,"Mountain-500 Black, 40",BK-M18B-40
29929,Jeffrey,Kurtz,Many Bikes Store,jeffrey3@adventure-works.com,PO5539125166,984,4,"Mountain-500 Silver, 40",BK-M18S-40
29929,Jeffrey,Kurtz,Many Bikes Store,jeffrey3@adventure-works.com,PO5539125166,982,2,"Mountain-400-W Silver, 42",BK-M38S-42
29929,Jeffrey,Kurtz,Many Bikes Store,jeffrey3@adventure-works.com,PO5539125166,782,8,"Mountain-200 Black, 38",BK-M68B-38
29929,Jeffrey,Kurtz,Many Bikes Store,jeffrey3@adventure-works.com,PO5539125166,784,2,"Mountain-200 Black, 46",BK-M68B-46
29929,Jeffrey,Kurtz,Many Bikes Store,jeffrey3@adventure-works.com,PO5539125166,810,1,HL Mountain Handlebars,HB-M918
29929,Jeffrey,Kurtz,Many Bikes Store,jeffrey3@adventure-works.com,PO5539125166,926,1,"LL Mountain Frame - Black, 48",FR-M21B-48
29929,Jeffrey,Kurtz,Many Bikes Store,jeffrey3@adventure-works.com,PO5539125166,714,3,"Long-Sleeve Logo Jersey, M",LJ-0192-M
29929,Jeffrey,Kurtz,Many Bikes Store,jeffrey3@adventure-works.com,PO5539125166,870,7,Water Bottle - 30 oz.,WB-H098
29929,Jeffrey,Kurtz,Many Bikes Store,jeffrey3@adventure-works.com,PO5539125166,876,4,Hitch Rack - 4-Bike,RA-H123
29929,Jeffrey,Kurtz,Many Bikes Store,jeffrey3@adventure-works.com,PO5539125166,877,5,Bike Wash - Dissolver,CL-9009
29929,Jeffrey,Kurtz,Many Bikes Store,jeffrey3@adventure-works.com,PO5539125166,707,2,"Sport-100 Helmet, Red",HL-U509-R
29929,Jeffrey,Kurtz,Many Bikes Store,jeffrey3@adventure-works.com,PO5539125166,993,1,"Mountain-500 Black, 52",BK-M18B-52
29929,Jeffrey,Kurtz,Many Bikes Store,jeffrey3@adventure-works.com,PO5539125166,864,6,"Classic Vest, S",VE-C304-S
29929,Jeffrey,Kurtz,Many Bikes Store,jeffrey3@adventure-works.com,PO5539125166,867,7,"Women's Mountain Shorts, S",SH-W890-S
29929,Jeffrey,Kurtz,Many Bikes Store,jeffrey3@adventure-works.com,PO5539125166,809,2,ML Mountain Handlebars,HB-M763
29929,Jeffrey,Kurtz,Many Bikes Store,jeffrey3@adventure-works.com,PO5539125166,988,3,"Mountain-500 Silver, 52",BK-M18S-52
29929,Jeffrey,Kurtz,Many Bikes Store,jeffrey3@adventure-works.com,PO5539125166,880,5,Hydration Pack - 70 oz.,HY-1023-70
29929,Jeffrey,Kurtz,Many Bikes Store,jeffrey3@adventure-works.com,PO5539125166,936,1,ML Mountain Pedal,PD-M340
29929,Jeffrey,Kurtz,Many Bikes Store,jeffrey3@adventure-works.com,PO5539125166,708,4,"Sport-100 Helmet, Black",HL-U509
29929,Jeffrey,Kurtz,Many Bikes Store,jeffrey3@adventure-works.com,PO5539125166,779,3,"Mountain-200 Silver, 38",BK-M68S-38
29929,Jeffrey,Kurtz,Many Bikes Store,jeffrey3@adventure-works.com,PO5539125166,991,2,"Mountain-500 Black, 44",BK-M18B-44
29929,Jeffrey,Kurtz,Many Bikes Store,jeffrey3@adventure-works.com,PO5539125166,883,5,"Short-Sleeve Classic Jersey, L",SJ-0194-L
29929,Jeffrey,Kurtz,Many Bikes Store,jeffrey3@adventure-works.com,PO5539125166,910,1,HL Mountain Seat/Saddle,SE-M940
29929,Jeffrey,Kurtz,Many Bikes Store,jeffrey3@adventure-works.com,PO5539125166,881,2,"Short-Sleeve Classic Jersey, S",SJ-0194-S
29929,Jeffrey,Kurtz,Many Bikes Store,jeffrey3@adventure-works.com,PO5539125166,985,5,"Mountain-500 Silver, 42",BK-M18S-42
29929,Jeffrey,Kurtz,Many Bikes Store,jeffrey3@adventure-works.com,PO5539125166,711,7,"Sport-100 Helmet, Blue",HL-U509-B
29929,Jeffrey,Kurtz,Many Bikes Store,jeffrey3@adventure-works.com,PO5539125166,986,1,"Mountain-500 Silver, 44",BK-M18S-44
29929,Jeffrey,Kurtz,Many Bikes Store,jeffrey3@adventure-works.com,PO5539125166,748,7,"HL Mountain Frame - Silver, 38",FR-M94S-38
29929,Jeffrey,Kurtz,Many Bikes Store,jeffrey3@adventure-works.com,PO5539125166,884,5,"Short-Sleeve Classic Jersey, XL",SJ-0194-X
29929,Jeffrey,Kurtz,Many Bikes Store,jeffrey3@adventure-works.com,PO5539125166,918,2,"LL Mountain Frame - Silver, 44",FR-M21S-44
29929,Jeffrey,Kurtz,Many Bikes Store,jeffrey3@adventure-works.com,PO5539125166,905,3,"ML Mountain Frame-W - Silver, 42",FR-M63S-42
29929,Jeffrey,Kurtz,Many Bikes Store,jeffrey3@adventure-works.com,PO5539125166,983,4,"Mountain-400-W Silver, 46",BK-M38S-46
29929,Jeffrey,Kurtz,Many Bikes Store,jeffrey3@adventure-works.com,PO5539125166,865,6,"Classic Vest, M",VE-C304-M
29932,Rebecca,Laszlo,Instruments and Parts Company,rebecca2@adventure-works.com,PO5713190501,969,3,"Touring-1000 Blue, 60",BK-T79U-60
29932,Rebecca,Laszlo,Instruments and Parts Company,rebecca2@adventure-works.com,PO5713190501,978,4,"Touring-3000 Blue, 44",BK-T18U-44
29932,Rebecca,Laszlo,Instruments and Parts Company,rebecca2@adventure-works.com,PO5713190501,996,4,HL Bottom Bracket,BB-9108
29932,Rebecca,Laszlo,Instruments and Parts Company,rebecca2@adventure-works.com,PO5713190501,967,6,"Touring-1000 Blue, 50",BK-T79U-50
29932,Rebecca,Laszlo,Instruments and Parts Company,rebecca2@adventure-works.com,PO5713190501,970,3,"Touring-2000 Blue, 46",BK-T44U-46
29932,Rebecca,Laszlo,Instruments and Parts Company,rebecca2@adventure-works.com,PO5713190501,956,1,"Touring-1000 Yellow, 54",BK-T79Y-54
29932,Rebecca,Laszlo,Instruments and Parts Company,rebecca2@adventure-works.com,PO5713190501,960,3,"Touring-3000 Blue, 62",BK-T18U-62
29932,Rebecca,Laszlo,Instruments and Parts Company,rebecca2@adventure-works.com,PO5713190501,994,3,LL Bottom Bracket,BB-7421
29932,Rebecca,Laszlo,Instruments and Parts Company,rebecca2@adventure-works.com,PO5713190501,959,1,"Touring-3000 Blue, 58",BK-T18U-58
29932,Rebecca,Laszlo,Instruments and Parts Company,rebecca2@adventure-works.com,PO5713190501,968,4,"Touring-1000 Blue, 54",BK-T79U-54
29932,Rebecca,Laszlo,Instruments and Parts Company,rebecca2@adventure-works.com,PO5713190501,966,3,"Touring-1000 Blue, 46",BK-T79U-46
29932,Rebecca,Laszlo,Instruments and Parts Company,rebecca2@adventure-works.com,PO5713190501,972,5,"Touring-2000 Blue, 54",BK-T44U-54
29932,Rebecca,Laszlo,Instruments and Parts Company,rebecca2@adventure-works.com,PO5713190501,949,4,LL Crankset,CS-4759
29932,Rebecca,Laszlo,Instruments and Parts Company,rebecca2@adventure-works.com,PO5713190501,958,1,"Touring-3000 Blue, 54",BK-T18U-54
29932,Rebecca,Laszlo,Instruments and Parts Company,rebecca2@adventure-works.com,PO5713190501,945,3,Front Derailleur,FD-2342
29932,Rebecca,Laszlo,Instruments and Parts Company,rebecca2@adventure-works.com,PO5713190501,971,5,"Touring-2000 Blue, 50",BK-T44U-50
29932,Rebecca,Laszlo,Instruments and Parts Company,rebecca2@adventure-works.com,PO5713190501,953,2,"Touring-2000 Blue, 60",BK-T44U-60
29932,Rebecca,Laszlo,Instruments and Parts Company,rebecca2@adventure-works.com,PO5713190501,889,1,"HL Touring Frame - Yellow, 54",FR-T98Y-54
29932,Rebecca,Laszlo,Instruments and Parts Company,rebecca2@adventure-works.com,PO5713190501,955,1,"Touring-1000 Yellow, 50",BK-T79Y-50
29932,Rebecca,Laszlo,Instruments and Parts Company,rebecca2@adventure-works.com,PO5713190501,964,3,"Touring-3000 Yellow, 58",BK-T18Y-58
29932,Rebecca,Laszlo,Instruments and Parts Company,rebecca2@adventure-works.com,PO5713190501,916,3,HL Touring Seat/Saddle,SE-T924
29932,Rebecca,Laszlo,Instruments and Parts Company,rebecca2@adventure-works.com,PO5713190501,948,1,Front Brakes,FB-9873
29932,Rebecca,Laszlo,Instruments and Parts Company,rebecca2@adventure-works.com,PO5713190501,979,3,"Touring-3000 Blue, 50",BK-T18U-50
29932,Rebecca,Laszlo,Instruments and Parts Company,rebecca2@adventure-works.com,PO5713190501,951,3,HL Crankset,CS-9183
29932,Rebecca,Laszlo,Instruments and Parts Company,rebecca2@adventure-works.com,PO5713190501,954,3,"Touring-1000 Yellow, 46",BK-T79Y-46
29932,Rebecca,Laszlo,Instruments and Parts Company,rebecca2@adventure-works.com,PO5713190501,952,1,Chain,CH-0234
29932,Rebecca,Laszlo,Instruments and Parts Company,rebecca2@adventure-works.com,PO5713190501,965,5,"Touring-3000 Yellow, 62",BK-T18Y-62
29932,Rebecca,Laszlo,Instruments and Parts Company,rebecca2@adventure-works.com,PO5713190501,961,2,"Touring-3000 Yellow, 44",BK-T18Y-44
29938,Frank,Campbell,Trailblazing Sports,frank4@adventure-works.com,PO2697119362,988,2,"Mountain-500 Silver, 52",BK-M18S-52
29938,Frank,Campbell,Trailblazing Sports,frank4@adventure-works.com,PO2697119362,948,2,Front Brakes,FB-9873
29938,Frank,Campbell,Trailblazing Sports,frank4@adventure-works.com,PO2697119362,904,4,"ML Mountain Frame-W - Silver, 40",FR-M63S-40
29938,Frank,Campbell,Trailblazing Sports,frank4@adventure-works.com,PO2697119362,742,3,"HL Mountain Frame - Silver, 46",FR-M94S-46
29938,Frank,Campbell,Trailblazing Sports,frank4@adventure-works.com,PO2697119362,780,2,"Mountain-200 Silver, 42",BK-M68S-42
29938,Frank,Campbell,Trailblazing Sports,frank4@adventure-works.com,PO2697119362,945,1,Front Derailleur,FD-2342
29938,Frank,Campbell,Trailblazing Sports,frank4@adventure-works.com,PO2697119362,949,3,LL Crankset,CS-4759
29938,Frank,Campbell,Trailblazing Sports,frank4@adventure-works.com,PO2697119362,937,2,HL Mountain Pedal,PD-M562
29938,Frank,Campbell,Trailblazing Sports,frank4@adventure-works.com,PO2697119362,867,2,"Women's Mountain Shorts, S",SH-W890-S
29938,Frank,Campbell,Trailblazing Sports,frank4@adventure-works.com,PO2697119362,748,1,"HL Mountain Frame - Silver, 38",FR-M94S-38
29938,Frank,Campbell,Trailblazing Sports,frank4@adventure-works.com,PO2697119362,905,2,"ML Mountain Frame-W - Silver, 42",FR-M63S-42
29938,Frank,Campbell,Trailblazing Sports,frank4@adventure-works.com,PO2697119362,781,2,"Mountain-200 Silver, 46",BK-M68S-46
29938,Frank,Campbell,Trailblazing Sports,frank4@adventure-works.com,PO2697119362,869,3,"Women's Mountain Shorts, L",SH-W890-L
29938,Frank,Campbell,Trailblazing Sports,frank4@adventure-works.com,PO2697119362,783,5,"Mountain-200 Black, 42",BK-M68B-42
29938,Frank,Campbell,Trailblazing Sports,frank4@adventure-works.com,PO2697119362,784,2,"Mountain-200 Black, 46",BK-M68B-46
29938,Frank,Campbell,Trailblazing Sports,frank4@adventure-works.com,PO2697119362,951,1,HL Crankset,CS-9183
29938,Frank,Campbell,Trailblazing Sports,frank4@adventure-works.com,PO2697119362,747,3,"HL Mountain Frame - Black, 38",FR-M94B-38
29938,Frank,Campbell,Trailblazing Sports,frank4@adventure-works.com,PO2697119362,809,1,ML Mountain Handlebars,HB-M763
29938,Frank,Campbell,Trailblazing Sports,frank4@adventure-works.com,PO2697119362,920,2,"LL Mountain Frame - Silver, 52",FR-M21S-52
29938,Frank,Campbell,Trailblazing Sports,frank4@adventure-works.com,PO2697119362,743,2,"HL Mountain Frame - Black, 42",FR-M94B-42
29938,Frank,Campbell,Trailblazing Sports,frank4@adventure-works.com,PO2697119362,715,2,"Long-Sleeve Logo Jersey, L",LJ-0192-L
29938,Frank,Campbell,Trailblazing Sports,frank4@adventure-works.com,PO2697119362,944,2,"LL Mountain Frame - Silver, 40",FR-M21S-40
29938,Frank,Campbell,Trailblazing Sports,frank4@adventure-works.com,PO2697119362,808,1,LL Mountain Handlebars,HB-M243
29938,Frank,Campbell,Trailblazing Sports,frank4@adventure-works.com,PO2697119362,909,8,ML Mountain Seat/Saddle,SE-M798
29938,Frank,Campbell,Trailblazing Sports,frank4@adventure-works.com,PO2697119362,925,2,"LL Mountain Frame - Black, 44",FR-M21B-44
29938,Frank,Campbell,Trailblazing Sports,frank4@adventure-works.com,PO2697119362,782,2,"Mountain-200 Black, 38",BK-M68B-38
29938,Frank,Campbell,Trailblazing Sports,frank4@adventure-works.com,PO2697119362,910,2,HL Mountain Seat/Saddle,SE-M940
29938,Frank,Campbell,Trailblazing Sports,frank4@adventure-works.com,PO2697119362,996,3,HL Bottom Bracket,BB-9108
29938,Frank,Campbell,Trailblazing Sports,frank4@adventure-works.com,PO2697119362,779,3,"Mountain-200 Silver, 38",BK-M68S-38
29938,Frank,Campbell,Trailblazing Sports,frank4@adventure-works.com,PO2697119362,924,4,"LL Mountain Frame - Black, 42",FR-M21B-42
29938,Frank,Campbell,Trailblazing Sports,frank4@adventure-works.com,PO2697119362,952,3,Chain,CH-0234
29957,Kevin,Liu,Eastside Department Store,kevin5@adventure-works.com,PO19343113609,738,4,"LL Road Frame - Black, 52",FR-R38B-52
29957,Kevin,Liu,Eastside Department Store,kevin5@adventure-works.com,PO19343113609,939,6,ML Road Pedal,PD-R563
29957,Kevin,Liu,Eastside Department Store,kevin5@adventure-works.com,PO19343113609,793,3,"Road-250 Black, 44",BK-R89B-44
29957,Kevin,Liu,Eastside Department Store,kevin5@adventure-works.com,PO19343113609,977,4,"Road-750 Black, 58",BK-R19B-58
29957,Kevin,Liu,Eastside Department Store,kevin5@adventure-works.com,PO19343113609,880,9,Hydration Pack - 70 oz.,HY-1023-70
29957,Kevin,Liu,Eastside Department Store,kevin5@adventure-works.com,PO19343113609,859,7,"Half-Finger Gloves, M",GL-H102-M
29957,Kevin,Liu,Eastside Department Store,kevin5@adventure-works.com,PO19343113609,976,25,"Road-350-W Yellow, 48",BK-R79Y-48
29957,Kevin,Liu,Eastside Department Store,kevin5@adventure-works.com,PO19343113609,714,6,"Long-Sleeve Logo Jersey, M",LJ-0192-M
29957,Kevin,Liu,Eastside Department Store,kevin5@adventure-works.com,PO19343113609,877,8,Bike Wash - Dissolver,CL-9009
29957,Kevin,Liu,Eastside Department Store,kevin5@adventure-works.com,PO19343113609,813,1,HL Road Handlebars,HB-R956
29957,Kevin,Liu,Eastside Department Store,kevin5@adventure-works.com,PO19343113609,881,6,"Short-Sleeve Classic Jersey, S",SJ-0194-S
29957,Kevin,Liu,Eastside Department Store,kevin5@adventure-works.com,PO19343113609,873,6,Patch Kit/8 Patches,PK-7098
29957,Kevin,Liu,Eastside Department Store,kevin5@adventure-works.com,PO19343113609,870,10,Water Bottle - 30 oz.,WB-H098
29957,Kevin,Liu,Eastside Department Store,kevin5@adventure-works.com,PO19343113609,822,1,"ML Road Frame-W - Yellow, 38",FR-R72Y-38
29957,Kevin,Liu,Eastside Department Store,kevin5@adventure-works.com,PO19343113609,799,1,"Road-550-W Yellow, 42",BK-R64Y-42
29957,Kevin,Liu,Eastside Department Store,kevin5@adventure-works.com,PO19343113609,858,2,"Half-Finger Gloves, S",GL-H102-S
29957,Kevin,Liu,Eastside Department Store,kevin5@adventure-works.com,PO19343113609,860,9,"Half-Finger Gloves, L",GL-H102-L
29957,Kevin,Liu,Eastside Department Store,kevin5@adventure-works.com,PO19343113609,864,15,"Classic Vest, S",VE-C304-S
29957,Kevin,Liu,Eastside Department Store,kevin5@adventure-works.com,PO19343113609,938,3,LL Road Pedal,PD-R347
29957,Kevin,Liu,Eastside Department Store,kevin5@adventure-works.com,PO19343113609,883,11,"Short-Sleeve Classic Jersey, L",SJ-0194-L
29957,Kevin,Liu,Eastside Department Store,kevin5@adventure-works.com,PO19343113609,722,6,"LL Road Frame - Black, 58",FR-R38B-58
29957,Kevin,Liu,Eastside Department Store,kevin5@adventure-works.com,PO19343113609,884,9,"Short-Sleeve Classic Jersey, XL",SJ-0194-X
29957,Kevin,Liu,Eastside Department Store,kevin5@adventure-works.com,PO19343113609,998,7,"Road-750 Black, 48",BK-R19B-48
29957,Kevin,Liu,Eastside Department Store,kevin5@adventure-works.com,PO19343113609,999,5,"Road-750 Black, 52",BK-R19B-52
29957,Kevin,Liu,Eastside Department Store,kevin5@adventure-works.com,PO19343113609,797,4,"Road-550-W Yellow, 38",BK-R64Y-38
29957,Kevin,Liu,Eastside Department Store,kevin5@adventure-works.com,PO19343113609,798,1,"Road-550-W Yellow, 40",BK-R64Y-40
29957,Kevin,Liu,Eastside Department Store,kevin5@adventure-works.com,PO19343113609,801,1,"Road-550-W Yellow, 48",BK-R64Y-48
29957,Kevin,Liu,Eastside Department Store,kevin5@adventure-works.com,PO19343113609,973,5,"Road-350-W Yellow, 40",BK-R79Y-40
29957,Kevin,Liu,Eastside Department Store,kevin5@adventure-works.com,PO19343113609,974,13,"Road-350-W Yellow, 42",BK-R79Y-42
29957,Kevin,Liu,Eastside Department Store,kevin5@adventure-works.com,PO19343113609,940,4,HL Road Pedal,PD-R853
29957,Kevin,Liu,Eastside Department Store,kevin5@adventure-works.com,PO19343113609,835,3,"ML Road Frame-W - Yellow, 44",FR-R72Y-44
29957,Kevin,Liu,Eastside Department Store,kevin5@adventure-works.com,PO19343113609,836,4,"ML Road Frame-W - Yellow, 48",FR-R72Y-48
29957,Kevin,Liu,Eastside Department Store,kevin5@adventure-works.com,PO19343113609,838,4,"HL Road Frame - Black, 44",FR-R92B-44
29957,Kevin,Liu,Eastside Department Store,kevin5@adventure-works.com,PO19343113609,718,2,"HL Road Frame - Red, 44",FR-R92R-44
29957,Kevin,Liu,Eastside Department Store,kevin5@adventure-works.com,PO19343113609,715,17,"Long-Sleeve Logo Jersey, L",LJ-0192-L
29957,Kevin,Liu,Eastside Department Store,kevin5@adventure-works.com,PO19343113609,716,4,"Long-Sleeve Logo Jersey, XL",LJ-0192-X
29957,Kevin,Liu,Eastside Department Store,kevin5@adventure-works.com,PO19343113609,875,1,"Racing Socks, L",SO-R809-L
29957,Kevin,Liu,Eastside Department Store,kevin5@adventure-works.com,PO19343113609,865,10,"Classic Vest, M",VE-C304-M
29957,Kevin,Liu,Eastside Department Store,kevin5@adventure-works.com,PO19343113609,712,11,AWC Logo Cap,CA-1098
29957,Kevin,Liu,Eastside Department Store,kevin5@adventure-works.com,PO19343113609,711,15,"Sport-100 Helmet, Blue",HL-U509-B
29957,Kevin,Liu,Eastside Department Store,kevin5@adventure-works.com,PO19343113609,876,2,Hitch Rack - 4-Bike,RA-H123
29957,Kevin,Liu,Eastside Department Store,kevin5@adventure-works.com,PO19343113609,707,10,"Sport-100 Helmet, Red",HL-U509-R
29957,Kevin,Liu,Eastside Department Store,kevin5@adventure-works.com,PO19343113609,708,11,"Sport-100 Helmet, Black",HL-U509
29975,Walter,Mays,Sports Products Store,walter1@adventure-works.com,PO16124166561,875,11,"Racing Socks, L",SO-R809-L
29975,Walter,Mays,Sports Products Store,walter1@adventure-works.com,PO16124166561,874,2,"Racing Socks, M",SO-R809-M
29975,Walter,Mays,Sports Products Store,walter1@adventure-works.com,PO16124166561,998,2,"Road-750 Black, 48",BK-R19B-48
29975,Walter,Mays,Sports Products Store,walter1@adventure-works.com,PO16124166561,973,1,"Road-350-W Yellow, 40",BK-R79Y-40
29975,Walter,Mays,Sports Products Store,walter1@adventure-works.com,PO16124166561,711,1,"Sport-100 Helmet, Blue",HL-U509-B
29975,Walter,Mays,Sports Products Store,walter1@adventure-works.com,PO16124166561,999,3,"Road-750 Black, 52",BK-R19B-52
29975,Walter,Mays,Sports Products Store,walter1@adventure-works.com,PO16124166561,938,2,LL Road Pedal,PD-R347
29982,Melissa,Marple,Discount Tours,melissa0@adventure-works.com,PO4002189853,973,1,"Road-350-W Yellow, 40",BK-R79Y-40
29982,Melissa,Marple,Discount Tours,melissa0@adventure-works.com,PO4002189853,938,3,LL Road Pedal,PD-R347
29982,Melissa,Marple,Discount Tours,melissa0@adventure-works.com,PO4002189853,976,1,"Road-350-W Yellow, 48",BK-R79Y-48
29982,Melissa,Marple,Discount Tours,melissa0@adventure-works.com,PO4002189853,884,7,"Short-Sleeve Classic Jersey, XL",SJ-0194-X
29982,Melissa,Marple,Discount Tours,melissa0@adventure-works.com,PO4002189853,864,3,"Classic Vest, S",VE-C304-S
29982,Melissa,Marple,Discount Tours,melissa0@adventure-works.com,PO4002189853,876,1,Hitch Rack - 4-Bike,RA-H123
30019,Matthew,Miller,Tachometers and Accessories,matthew5@adventure-works.com,PO10295111084,869,2,"Women's Mountain Shorts, L",SH-W890-L
30019,Matthew,Miller,Tachometers and Accessories,matthew5@adventure-works.com,PO10295111084,782,1,"Mountain-200 Black, 38",BK-M68B-38
30019,Matthew,Miller,Tachometers and Accessories,matthew5@adventure-works.com,PO10295111084,867,6,"Women's Mountain Shorts, S",SH-W890-S
30025,Linda,Mitchell,Essential Bike Works,linda9@adventure-works.com,PO29111718,875,7,"Racing Socks, L",SO-R809-L
30027,Joseph,Mitzner,Engineered Bike Systems,joseph4@adventure-works.com,PO12992180445,953,1,"Touring-2000 Blue, 60",BK-T44U-60
30027,Joseph,Mitzner,Engineered Bike Systems,joseph4@adventure-works.com,PO12992180445,954,1,"Touring-1000 Yellow, 46",BK-T79Y-46
30027,Joseph,Mitzner,Engineered Bike Systems,joseph4@adventure-works.com,PO12992180445,715,2,"Long-Sleeve Logo Jersey, L",LJ-0192-L
30027,Joseph,Mitzner,Engineered Bike Systems,joseph4@adventure-works.com,PO12992180445,712,4,AWC Logo Cap,CA-1098
30027,Joseph,Mitzner,Engineered Bike Systems,joseph4@adventure-works.com,PO12992180445,883,3,"Short-Sleeve Classic Jersey, L",SJ-0194-L
30027,Joseph,Mitzner,Engineered Bike Systems,joseph4@adventure-works.com,PO12992180445,961,1,"Touring-3000 Yellow, 44",BK-T18Y-44
30027,Joseph,Mitzner,Engineered Bike Systems,joseph4@adventure-works.com,PO12992180445,948,1,Front Brakes,FB-9873
30033,Vassar,Stern,Transport Bikes,vassar0@adventure-works.com,PO16530177647,962,1,"Touring-3000 Yellow, 50",BK-T18Y-50
30033,Vassar,Stern,Transport Bikes,vassar0@adventure-works.com,PO16530177647,945,1,Front Derailleur,FD-2342
30050,Krishna,Sunkammurali,Metropolitan Bicycle Supply,krishna1@adventure-works.com,PO8671170385,944,3,"LL Mountain Frame - Silver, 40",FR-M21S-40
30050,Krishna,Sunkammurali,Metropolitan Bicycle Supply,krishna1@adventure-works.com,PO8671170385,985,4,"Mountain-500 Silver, 42",BK-M18S-42
30050,Krishna,Sunkammurali,Metropolitan Bicycle Supply,krishna1@adventure-works.com,PO8671170385,996,4,HL Bottom Bracket,BB-9108
30050,Krishna,Sunkammurali,Metropolitan Bicycle Supply,krishna1@adventure-works.com,PO8671170385,707,1,"Sport-100 Helmet, Red",HL-U509-R
30050,Krishna,Sunkammurali,Metropolitan Bicycle Supply,krishna1@adventure-works.com,PO8671170385,926,1,"LL Mountain Frame - Black, 48",FR-M21B-48
30050,Krishna,Sunkammurali,Metropolitan Bicycle Supply,krishna1@adventure-works.com,PO8671170385,808,4,LL Mountain Handlebars,HB-M243
30050,Krishna,Sunkammurali,Metropolitan Bicycle Supply,krishna1@adventure-works.com,PO8671170385,992,5,"Mountain-500 Black, 48",BK-M18B-48
30050,Krishna,Sunkammurali,Metropolitan Bicycle Supply,krishna1@adventure-works.com,PO8671170385,951,6,HL Crankset,CS-9183
30050,Krishna,Sunkammurali,Metropolitan Bicycle Supply,krishna1@adventure-works.com,PO8671170385,780,3,"Mountain-200 Silver, 42",BK-M68S-42
30050,Krishna,Sunkammurali,Metropolitan Bicycle Supply,krishna1@adventure-works.com,PO8671170385,905,2,"ML Mountain Frame-W - Silver, 42",FR-M63S-42
30050,Krishna,Sunkammurali,Metropolitan Bicycle Supply,krishna1@adventure-works.com,PO8671170385,747,4,"HL Mountain Frame - Black, 38",FR-M94B-38
30050,Krishna,Sunkammurali,Metropolitan Bicycle Supply,krishna1@adventure-works.com,PO8671170385,867,14,"Women's Mountain Shorts, S",SH-W890-S
30050,Krishna,Sunkammurali,Metropolitan Bicycle Supply,krishna1@adventure-works.com,PO8671170385,935,3,LL Mountain Pedal,PD-M282
30050,Krishna,Sunkammurali,Metropolitan Bicycle Supply,krishna1@adventure-works.com,PO8671170385,945,5,Front Derailleur,FD-2342
30050,Krishna,Sunkammurali,Metropolitan Bicycle Supply,krishna1@adventure-works.com,PO8671170385,924,5,"LL Mountain Frame - Black, 42",FR-M21B-42
30050,Krishna,Sunkammurali,Metropolitan Bicycle Supply,krishna1@adventure-works.com,PO8671170385,783,10,"Mountain-200 Black, 42",BK-M68B-42
30050,Krishna,Sunkammurali,Metropolitan Bicycle Supply,krishna1@adventure-works.com,PO8671170385,784,5,"Mountain-200 Black, 46",BK-M68B-46
30050,Krishna,Sunkammurali,Metropolitan Bicycle Supply,krishna1@adventure-works.com,PO8671170385,748,5,"HL Mountain Frame - Silver, 38",FR-M94S-38
30050,Krishna,Sunkammurali,Metropolitan Bicycle Supply,krishna1@adventure-works.com,PO8671170385,981,2,"Mountain-400-W Silver, 40",BK-M38S-40
30050,Krishna,Sunkammurali,Metropolitan Bicycle Supply,krishna1@adventure-works.com,PO8671170385,894,5,Rear Derailleur,RD-2308
30050,Krishna,Sunkammurali,Metropolitan Bicycle Supply,krishna1@adventure-works.com,PO8671170385,779,4,"Mountain-200 Silver, 38",BK-M68S-38
30050,Krishna,Sunkammurali,Metropolitan Bicycle Supply,krishna1@adventure-works.com,PO8671170385,782,8,"Mountain-200 Black, 38",BK-M68B-38
30050,Krishna,Sunkammurali,Metropolitan Bicycle Supply,krishna1@adventure-works.com,PO8671170385,869,8,"Women's Mountain Shorts, L",SH-W890-L
30050,Krishna,Sunkammurali,Metropolitan Bicycle Supply,krishna1@adventure-works.com,PO8671170385,952,3,Chain,CH-0234
30050,Krishna,Sunkammurali,Metropolitan Bicycle Supply,krishna1@adventure-works.com,PO8671170385,949,3,LL Crankset,CS-4759
30050,Krishna,Sunkammurali,Metropolitan Bicycle Supply,krishna1@adventure-works.com,PO8671170385,937,5,HL Mountain Pedal,PD-M562
30050,Krishna,Sunkammurali,Metropolitan Bicycle Supply,krishna1@adventure-works.com,PO8671170385,910,3,HL Mountain Seat/Saddle,SE-M940
30050,Krishna,Sunkammurali,Metropolitan Bicycle Supply,krishna1@adventure-works.com,PO8671170385,917,2,"LL Mountain Frame - Silver, 42",FR-M21S-42
30050,Krishna,Sunkammurali,Metropolitan Bicycle Supply,krishna1@adventure-works.com,PO8671170385,994,3,LL Bottom Bracket,BB-7421
30050,Krishna,Sunkammurali,Metropolitan Bicycle Supply,krishna1@adventure-works.com,PO8671170385,984,1,"Mountain-500 Silver, 40",BK-M18S-40
30050,Krishna,Sunkammurali,Metropolitan Bicycle Supply,krishna1@adventure-works.com,PO8671170385,860,6,"Half-Finger Gloves, L",GL-H102-L
30050,Krishna,Sunkammurali,Metropolitan Bicycle Supply,krishna1@adventure-works.com,PO8671170385,948,4,Front Brakes,FB-9873
30050,Krishna,Sunkammurali,Metropolitan Bicycle Supply,krishna1@adventure-works.com,PO8671170385,925,6,"LL Mountain Frame - Black, 44",FR-M21B-44
30050,Krishna,Sunkammurali,Metropolitan Bicycle Supply,krishna1@adventure-works.com,PO8671170385,908,3,LL Mountain Seat/Saddle,SE-M236
30050,Krishna,Sunkammurali,Metropolitan Bicycle Supply,krishna1@adventure-works.com,PO8671170385,918,1,"LL Mountain Frame - Silver, 44",FR-M21S-44
30050,Krishna,Sunkammurali,Metropolitan Bicycle Supply,krishna1@adventure-works.com,PO8671170385,743,4,"HL Mountain Frame - Black, 42",FR-M94B-42
30050,Krishna,Sunkammurali,Metropolitan Bicycle Supply,krishna1@adventure-works.com,PO8671170385,739,5,"HL Mountain Frame - Silver, 42",FR-M94S-42
30050,Krishna,Sunkammurali,Metropolitan Bicycle Supply,krishna1@adventure-works.com,PO8671170385,987,2,"Mountain-500 Silver, 48",BK-M18S-48
30050,Krishna,Sunkammurali,Metropolitan Bicycle Supply,krishna1@adventure-works.com,PO8671170385,809,5,ML Mountain Handlebars,HB-M763
30050,Krishna,Sunkammurali,Metropolitan Bicycle Supply,krishna1@adventure-works.com,PO8671170385,904,2,"ML Mountain Frame-W - Silver, 40",FR-M63S-40
30050,Krishna,Sunkammurali,Metropolitan Bicycle Supply,krishna1@adventure-works.com,PO8671170385,781,4,"Mountain-200 Silver, 46",BK-M68S-46
30050,Krishna,Sunkammurali,Metropolitan Bicycle Supply,krishna1@adventure-works.com,PO8671170385,868,4,"Women's Mountain Shorts, M",SH-W890-M
30050,Krishna,Sunkammurali,Metropolitan Bicycle Supply,krishna1@adventure-works.com,PO8671170385,988,5,"Mountain-500 Silver, 52",BK-M18S-52
30050,Krishna,Sunkammurali,Metropolitan Bicycle Supply,krishna1@adventure-works.com,PO8671170385,742,7,"HL Mountain Frame - Silver, 46",FR-M94S-46
30050,Krishna,Sunkammurali,Metropolitan Bicycle Supply,krishna1@adventure-works.com,PO8671170385,936,2,ML Mountain Pedal,PD-M340
30050,Krishna,Sunkammurali,Metropolitan Bicycle Supply,krishna1@adventure-works.com,PO8671170385,909,6,ML Mountain Seat/Saddle,SE-M798
30072,Andrea,Thomsen,West Side Mart,andrea1@adventure-works.com,PO19952192051,907,1,Rear Brakes,RB-9231
30089,Michael John,Troyer,Thrifty Parts and Sales,michaeljohn0@adventure-works.com,PO13021155785,738,1,"LL Road Frame - Black, 52",FR-R38B-52
30089,Michael John,Troyer,Thrifty Parts and Sales,michaeljohn0@adventure-works.com,PO13021155785,835,2,"ML Road Frame-W - Yellow, 44",FR-R72Y-44
30089,Michael John,Troyer,Thrifty Parts and Sales,michaeljohn0@adventure-works.com,PO13021155785,874,2,"Racing Socks, M",SO-R809-M
30102,Roger,Van Houten,Sports Store,roger2@adventure-works.com,PO2378131604,936,2,ML Mountain Pedal,PD-M340
30102,Roger,Van Houten,Sports Store,roger2@adventure-works.com,PO2378131604,739,1,"HL Mountain Frame - Silver, 42",FR-M94S-42
30102,Roger,Van Houten,Sports Store,roger2@adventure-works.com,PO2378131604,984,1,"Mountain-500 Silver, 40",BK-M18S-40
30102,Roger,Van Houten,Sports Store,roger2@adventure-works.com,PO2378131604,981,2,"Mountain-400-W Silver, 40",BK-M38S-40
30113,Raja,Venugopal,Nearby Cycle Shop,raja0@adventure-works.com,PO19604173239,905,4,"ML Mountain Frame-W - Silver, 42",FR-M63S-42
30113,Raja,Venugopal,Nearby Cycle Shop,raja0@adventure-works.com,PO19604173239,983,2,"Mountain-400-W Silver, 46",BK-M38S-46
30113,Raja,Venugopal,Nearby Cycle Shop,raja0@adventure-works.com,PO19604173239,988,6,"Mountain-500 Silver, 52",BK-M18S-52
30113,Raja,Venugopal,Nearby Cycle Shop,raja0@adventure-works.com,PO19604173239,748,2,"HL Mountain Frame - Silver, 38",FR-M94S-38
30113,Raja,Venugopal,Nearby Cycle Shop,raja0@adventure-works.com,PO19604173239,990,1,"Mountain-500 Black, 42",BK-M18B-42
30113,Raja,Venugopal,Nearby Cycle Shop,raja0@adventure-works.com,PO19604173239,926,1,"LL Mountain Frame - Black, 48",FR-M21B-48
30113,Raja,Venugopal,Nearby Cycle Shop,raja0@adventure-works.com,PO19604173239,743,1,"HL Mountain Frame - Black, 42",FR-M94B-42
30113,Raja,Venugopal,Nearby Cycle Shop,raja0@adventure-works.com,PO19604173239,782,4,"Mountain-200 Black, 38",BK-M68B-38
30113,Raja,Venugopal,Nearby Cycle Shop,raja0@adventure-works.com,PO19604173239,918,2,"LL Mountain Frame - Silver, 44",FR-M21S-44
30113,Raja,Venugopal,Nearby Cycle Shop,raja0@adventure-works.com,PO19604173239,780,4,"Mountain-200 Silver, 42",BK-M68S-42
30113,Raja,Venugopal,Nearby Cycle Shop,raja0@adventure-works.com,PO19604173239,937,1,HL Mountain Pedal,PD-M562
30113,Raja,Venugopal,Nearby Cycle Shop,raja0@adventure-works.com,PO19604173239,867,6,"Women's Mountain Shorts, S",SH-W890-S
30113,Raja,Venugopal,Nearby Cycle Shop,raja0@adventure-works.com,PO19604173239,985,1,"Mountain-500 Silver, 42",BK-M18S-42
30113,Raja,Venugopal,Nearby Cycle Shop,raja0@adventure-works.com,PO19604173239,989,2,"Mountain-500 Black, 40",BK-M18B-40
30113,Raja,Venugopal,Nearby Cycle Shop,raja0@adventure-works.com,PO19604173239,991,3,"Mountain-500 Black, 44",BK-M18B-44
30113,Raja,Venugopal,Nearby Cycle Shop,raja0@adventure-works.com,PO19604173239,992,1,"Mountain-500 Black, 48",BK-M18B-48
30113,Raja,Venugopal,Nearby Cycle Shop,raja0@adventure-works.com,PO19604173239,993,2,"Mountain-500 Black, 52",BK-M18B-52
30113,Raja,Venugopal,Nearby Cycle Shop,raja0@adventure-works.com,PO19604173239,984,2,"Mountain-500 Silver, 40",BK-M18S-40
30113,Raja,Venugopal,Nearby Cycle Shop,raja0@adventure-works.com,PO19604173239,986,3,"Mountain-500 Silver, 44",BK-M18S-44
30113,Raja,Venugopal,Nearby Cycle Shop,raja0@adventure-works.com,PO19604173239,987,3,"Mountain-500 Silver, 48",BK-M18S-48
30113,Raja,Venugopal,Nearby Cycle Shop,raja0@adventure-works.com,PO19604173239,981,2,"Mountain-400-W Silver, 40",BK-M38S-40
30113,Raja,Venugopal,Nearby Cycle Shop,raja0@adventure-works.com,PO19604173239,982,3,"Mountain-400-W Silver, 42",BK-M38S-42
30113,Raja,Venugopal,Nearby Cycle Shop,raja0@adventure-works.com,PO19604173239,783,5,"Mountain-200 Black, 42",BK-M68B-42
30113,Raja,Venugopal,Nearby Cycle Shop,raja0@adventure-works.com,PO19604173239,809,3,ML Mountain Handlebars,HB-M763
30113,Raja,Venugopal,Nearby Cycle Shop,raja0@adventure-works.com,PO19604173239,810,1,HL Mountain Handlebars,HB-M918
30113,Raja,Venugopal,Nearby Cycle Shop,raja0@adventure-works.com,PO19604173239,935,2,LL Mountain Pedal,PD-M282
30113,Raja,Venugopal,Nearby Cycle Shop,raja0@adventure-works.com,PO19604173239,925,1,"LL Mountain Frame - Black, 44",FR-M21B-44
30113,Raja,Venugopal,Nearby Cycle Shop,raja0@adventure-works.com,PO19604173239,869,7,"Women's Mountain Shorts, L",SH-W890-L
30113,Raja,Venugopal,Nearby Cycle Shop,raja0@adventure-works.com,PO19604173239,880,1,Hydration Pack - 70 oz.,HY-1023-70
