Id_num,Nombre,Correo,Direccion,Ciudad,Telefono,Genero,Estado_Civil
1,Letha Bolt,AbrahamAcevedo@gmail.com,2638 Riverview Pkwy,Wabash,(564) 517-5025,M,Divorced
2,Vanita Kelleher,Jude_High169@gmail.com,NULL,Concord,(684) 186-0087,F,Married
3,Marcos Abraham,Bauer@gmail.com,80 White Woodfort Ln,Clayton,(260) 313-6443,M,Single
4,Miyoko Mckinney,Alarcon@gmail.com,925 Hope St,Scottdale,(868) 864-8718,M,Married
5,Adolph Francisco,gndd9978@gmail.com,3755 Red Burwood Way,Mount Horeb,(451) 929-8321,M,Single
6,Oma Lawler,NULL,NULL,Kings Point,(133) 683-0582,F,Single
7,Felix Alba,Palmer_Lofton@gmail.com,3813 Hope St,Hoopeston,(765) 713-9006,F,Widow
8,Eusebia Noland,Abernathy@gmail.com,1168 Lake Circle,Concord,(447) 838-0332,F,Single
9,Denisha Mcginnis,Adaline_Abbott@gmail.com,74 Burwood Way,Brookings,(730) 273-6683,F,Single
10,Stanford Sullivan,Shayne_Britton589@gmail.com,3836 Hunting Hill Pkwy,Beavercreek,(812) 252-0427,F,Married
11,Nathan Salisbury,mxwygtmf_ahjpwboxdy@gmail.com,3603 Stonewood Ct,Dublin,(977) 813-8110,M,Married
12,Burton Bunnell,Steve.A.Pape@outlook.com,3490 Quailwood Street,Breese,(826) 366-1014,M,Single
13,Adah Jameson,Ivan.Southern98@gmail.com,NULL,Bedford Heights,(914) 159-1651,M,Single
14,Adam Geer,Darell_Centeno27@gmail.com,402 Bayview Avenue,Aberdeen,(961) 069-2786,M,Single
15,Freeman Selby,Shanta.Beaver89@outlook.com,647 Hidden Front Blvd,Pleasant Prairie,(768) 048-0640,F,Divorced
16,Laura Barger,GregoryMurrell@gmail.com,3744 Woodhurst Pkwy,Chickasaw,(790) 495-8216,F,Single
17,Ariel Hermann,rfgxqoso9811@gmail.com,683 SW Stonewood Way,Brigantine,(552) 037-7186,M,Married
18,Adam Maddox,Violette_Maxey368@gmail.com,2254 W Riverview Lane,Merrill,(247) 811-3933,F,Married
19,Winnifred Brantley,Sanderson@gmail.com,1314 New Glenwood Hwy,Lincoln Park,(594) 490-9628,M,Divorced
20,Gayle Baugh,Dennis@gmail.com,781 North Hunting Hill Ln,Lompoc,(438) 866-0472,M,Single
21,Delcie Abney,Shifflett@gmail.com,502 New Highland Highway,Madisonville,(227) 049-9918,M,NULL
22,Kasey Furr,Abbie.Watts@gmail.com,2961 Deepwood Dr,Arlington,(768) 693-9345,M,Divorced
23,Gertie Abel,AlessandraNMckenzie72@gmail.com,1156 Town Avenue,North Richland Hills,(487) 479-9336,F,Widowed
24,Myles Angel,mivxztrm_txjxxsw@gmail.com,2008 Town Cir,Brenham,(857) 863-6779,M,Single
25,Jerome Gipson,Killian@outlook.com,NULL,Chehalis,NULL,F,Married
26,Lilla Perez,Maness@outlook.com,NULL,Big Rapids,(104) 855-4937,M,Married
27,Josephine Norwood,KimberlieCrocker@outlook.com,81 Beachwood Lane,Lindale,(273) 600-9445,M,Married
28,Elli Robertson,oxdngcmz8118@gmail.com,51 Stonewood Pkwy,Sheridan,(553) 638-6830,M,Divorced
29,Curtis Hutson,Tiffanie.Romero27@outlook.com,725 NW Waterview Way,Cathedral City,(442) 344-5339,M,Married
30,Melia Gates,Gable@gmail.com,75 Beachwood Way,San Angelo,(535) 013-0514,F,Married
31,Marc Pickering,Myrtle_Bernard@gmail.com,222 Burwood Pkwy,Fair Haven,(875) 375-2382,F,Single
32,Alida Jobe,Raynor8@gmail.com,959 East Meadowview Drive,Snoqualmie,(610) 362-5075,M,Married
33,Cordelia Key,Sipes449@gmail.com,2004 Mountain Dr,Philadelphia,(243) 459-7372,M,Single
34,Reba Gregg,Batson@gmail.com,2008 3rd Ct,Valdosta,(845) 678-6842,M,Married
35,Jarod Bourgeois,ReaReyna391@outlook.com,894 Old Rock Hill Way,Williams,(384) 573-9515,F,Single
36,Oliva Coble,SeeleyJ@gmail.com,2274 E Lake Ct,Ringwood,(135) 721-2385,M,Married
37,Corey Musgrove,AbbieAbel@gmail.com,1052 Deepwood Cir,Walnut Ridge,(533) 039-4249,M,Divorced
38,Bud Grubbs,Monty.Swan5@outlook.com,138 1st Drive,Mahtomedi,(649) 790-3129,M,Married
39,Newton Graves,SteinerK@gmail.com,2747 W Hope Hwy,Star,(861) 866-2316,F,Married
40,Tamica Goins,Daily37@gmail.com,3082 West Quailwood Loop,Lewisville,(403) 014-5022,F,Single
41,Bertram Herzog,AddieTrice329@gmail.com,609 Rose Hill Court,Winthrop Harbor,(153) 734-4222,M,Single
42,Malcolm Coward,Caballero313@gmail.com,238 Pine Tree Dr,Park Ridge,NULL,M,Married
43,Carley Valdez,uvrguf247@outlook.com,17 Bayview Lane,Big Spring,(821) 308-8608,F,Single
44,Lizzie Krueger,Jewel.Albers24@outlook.com,3747 Sharp Hill Dr,Champlin,(864) 550-3567,F,NULL
45,Celestine Hong,NULL,NULL,Beckley,(360) 865-3659,F,Single
46,Shonda Leake,Oliva_Caskey572@gmail.com,327 New Church St,Albion,(598) 443-5163,M,Single
47,Hubert Waldrop,NULL,2147 Riverview Dr,Aberdeen,(995) 647-4714,F,Married
48,Alphonso Meeks,Nannie_Farr@outlook.com,2621 Mountain Circle,Cahokia,(447) 684-3013,F,Single
49,Aimee Stamm,mcvgy02@gmail.com,806 Rose Hill Highway,Clarksville,NULL,M,NULL
50,Sonia Ackerman,Mcnamara616@gmail.com,3566 Old Hope Cir,Canal Fulton,(866) 682-6586,M,Married
51,Bertrada Zabel,AbrahamAcevedo@hotmail.com,Monett,Middlesbrough,(564) 517-5025,M,Divorced
52,Heiderose Blind,Jude_High169@hotmail.com,NULL,Stoke-on-Trent,(684) 186-0087,F,Married
53,Joko Adler,Bauer@hotmail.com,Hanover,Oxford,(260) 313-6443,M,Single
54,Hemma Küchenmeister,Alarcon@hotmail.com,West Bountiful,Liverpool,(868) 864-8718,M,Married
55,Helwig Hummel,gndd9978@hotmail.com,Kiryas Joel,Milton Keynes,(451) 929-8321,M,Single
56,Orthey Feuerbach,NULL,NULL,Gloucester,(133) 683-0582,F,Single
57,Hannfried Blume,Palmer_Lofton@hotmail.com,Hampton,West Bromwich,(765) 713-9006,F,Widow
58,Xenja Bohnke,Abernathy@hotmail.com,Watauga,Colchester,(447) 838-0332,F,Single
59,Selinda Reinrhard,Adaline_Abbott@hotmail.com,River Rouge,London,(730) 273-6683,F,Single
60,Pontianus Unger,Shayne_Britton589@hotmail.com,Cleburne,Huddersfield,(812) 252-0427,F,Married
61,Berengar Gering,mxwygtmf_ahjpwboxdy@hotmail.com,Valdosta,Walsall,(977) 813-8110,M,Married
62,Clemendina Singer,Steve.A.Pape@outlook.com,Centralia,Wolverhampton,(826) 366-1014,M,Single
63,Adine  Abicht,Ivan.Southern98@hotmail.com,NULL,Peterborough,(914) 159-1651,M,Single
64,Falina Fischer,Darell_Centeno27@hotmail.com,Aberdeen,Sheffield,(961) 069-2786,M,Single
65,Lovis Kloz,Shanta.Beaver89@outlook.com,Peekskill,Sunderland,(768) 048-0640,F,Divorced
66,Amrei Menger,GregoryMurrell@hotmail.com,Presque Isle,Newcastle upon Tyne,(790) 495-8216,F,Single
67,Catrin Niemann,rfgxqoso9811@hotmail.com,Madera,Bolton,(552) 037-7186,M,Married
68,Conny Dippel,Violette_Maxey368@hotmail.com,Burbank,Watford,(247) 811-3933,F,Married
69,Armgard Gerngross,Sanderson@hotmail.com,El Monte,Coventry,(594) 490-9628,M,Divorced
70,Korth Schiefer,Dennis@hotmail.com,Sherwood,Slough,(438) 866-0472,M,Single
71,Lenchen Zinger,Shifflett@hotmail.com,Poteau,Bournemouth,(227) 049-9918,M,NULL
72,Barthel  Zenner,Abbie.Watts@hotmail.com,Oxford,York,(768) 693-9345,M,Divorced
73,Krispin Zeiger,AlessandraNMckenzie72@hotmail.com,Troutdale,Luton,(487) 479-9336,F,Widowed
74,Wilbrecht Ebel,mivxztrm_txjxxsw@hotmail.com,Palm Bay,Sutton Coldfield,(857) 863-6779,M,Single
75,Dieter Gardenberg,Killian@outlook.com,NULL,Crawley,NULL,F,Married
76,Rüder Geller,Maness@outlook.com,NULL,Ipswich,(104) 855-4937,M,Married
77,California Zeiger,KimberlieCrocker@outlook.com,Malone,Bradford,(273) 600-9445,M,Married
78,Fredegar Menzel,oxdngcmz8118@hotmail.com,Kaysville,Southampton,(553) 638-6830,M,Divorced
79,Lisa-Maria Geller,Tiffanie.Romero27@outlook.com,Coachella,Manchester,(442) 344-5339,M,Married
80,Aurion  Stumpf,Gable@hotmail.com,Aberdeen,Plymouth,(535) 013-0514,F,Married
81,Friedwart Möbius,Myrtle_Bernard@hotmail.com,Slatington,Kingston upon Hull,(875) 375-2382,F,Single
82,Cölestin Köstlin,Raynor8@hotmail.com,Satellite Beach,Dudley,(610) 362-5075,M,Married
83,Abeline  Gelen,Sipes449@hotmail.com,Amsterdam,Swindon,(243) 459-7372,M,Single
84,Balte  Feierbach,Batson@hotmail.com,Washington Court House,Northampton,(845) 678-6842,M,Married
85,Chlothar Bohrmann,ReaReyna391@outlook.com,Absecon,Derby,(384) 573-9515,F,Single
86,Dietlana Kronberg,SeeleyJ@hotmail.com,Melrose Park,Poole,(135) 721-2385,M,Married
87,Mirinda Schwarz,AbbieAbel@hotmail.com,Hazel Park,Leeds,(533) 039-4249,M,Divorced
88,Diepold Buchholz,Monty.Swan5@outlook.com,Lakeland,Southend-on-Sea,(649) 790-3129,M,Married
89,Janeric Pritzel,SteinerK@hotmail.com,Herndon,Brighton,(861) 866-2316,F,Married
90,Adriane  Finkelstein,Daily37@hotmail.com,Warwick,Norwich,(403) 014-5022,F,Single
91,Volbrecht Brandt,AddieTrice329@hotmail.com,Collinsville,Telford,(153) 734-4222,M,Single
92,Haiko Zenner,Caballero313@hotmail.com,Cheboygan,Birmingham,NULL,M,Married
93,Avenell Rüdiger,uvrguf247@outlook.com,Olympia Fields,Eastbourne,(821) 308-8608,F,Single
94,Annalena Genkel,Jewel.Albers24@outlook.com,Lewisville,Portsmouth,(864) 550-3567,F,NULL
95,Haita Rosenblatt,NULL,NULL,Bristol,(360) 865-3659,F,Single
96,Yente Ulbricht,Oliva_Caskey572@hotmail.com,Watauga,St Helens,(598) 443-5163,M,Single
97,Justus Dannenberg,NULL,Picayune,Blackburn,(995) 647-4714,F,Married
98,Ottfried Schneidermann,Nannie_Farr@outlook.com,Allegan,Leicester,(447) 684-3013,F,Single
99,Almute Ebert,mcvgy02@hotmail.com,Katy,Reading,NULL,M,NULL
100,Friederun Appel,Mcnamara616@hotmail.com,Ste. Genevieve,Exeter,(866) 682-6586,M,Married
